"","Age","Attrition","BusinessTravel","DailyRate","Department","DistanceFromHome","Education","EducationField","EmployeeCount","EmployeeNumber","EnvironmentSatisfaction","Gender","HourlyRate","JobInvolvement","JobLevel","JobRole","JobSatisfaction","MaritalStatus","MonthlyIncome","MonthlyRate","NumCompaniesWorked","OverTime","PercentSalaryHike","PerformanceRating","RelationshipSatisfaction","StandardHours","StockOptionLevel","TotalWorkingYears","TrainingTimesLastYear","WorkLifeBalance","YearsAtCompany","YearsInCurrentRole","YearsSinceLastPromotion","YearsWithCurrManager","predicted_prob"
"2",49,"No","Travel_Frequently",279,"Research & Development",8,1,"Life Sciences",1,2,3,"Male",61,2,2,"Research Scientist",2,"Married",5130,24907,1,"No",23,4,4,80,1,10,3,3,10,7,1,7,0.00981246945490838
"3",37,"Yes","Travel_Rarely",1373,"Research & Development",2,2,"Other",1,4,4,"Male",92,2,1,"Laboratory Technician",3,"Single",2090,2396,6,"Yes",15,3,2,80,0,7,3,3,0,0,0,0,0.700900815957409
"5",27,"No","Travel_Rarely",591,"Research & Development",2,1,"Medical",1,7,1,"Male",40,3,1,"Laboratory Technician",2,"Married",3468,16632,9,"No",12,3,4,80,1,6,3,3,2,2,2,2,0.30141388552184
"8",30,"No","Travel_Rarely",1358,"Research & Development",24,1,"Life Sciences",1,11,4,"Male",67,3,1,"Laboratory Technician",3,"Divorced",2693,13335,1,"No",22,4,2,80,1,1,2,3,1,0,0,0,0.045163828265348
"11",35,"No","Travel_Rarely",809,"Research & Development",16,3,"Medical",1,14,1,"Male",84,4,1,"Laboratory Technician",2,"Married",2426,16479,0,"No",13,3,3,80,1,6,5,3,5,4,0,3,0.0284366468658343
"16",29,"No","Travel_Rarely",1389,"Research & Development",21,4,"Life Sciences",1,20,2,"Female",51,4,3,"Manufacturing Director",1,"Divorced",9980,10195,1,"No",11,3,3,80,1,10,1,3,10,9,8,8,0.0424836438013724
"17",32,"No","Travel_Rarely",334,"Research & Development",5,2,"Life Sciences",1,21,1,"Male",80,4,1,"Research Scientist",2,"Divorced",3298,15053,0,"Yes",12,3,4,80,2,7,5,2,6,2,0,5,0.08668951065794
"20",38,"No","Travel_Rarely",371,"Research & Development",2,3,"Life Sciences",1,24,4,"Male",45,3,1,"Research Scientist",4,"Single",3944,4306,5,"Yes",11,3,3,80,0,6,3,3,3,2,1,2,0.299957943278714
"22",36,"Yes","Travel_Rarely",1218,"Sales",9,4,"Life Sciences",1,27,3,"Male",82,2,1,"Sales Representative",1,"Single",3407,6986,7,"No",23,4,2,80,0,10,4,3,5,3,0,3,0.53578623747378
"23",34,"No","Travel_Rarely",419,"Research & Development",7,4,"Life Sciences",1,28,1,"Female",53,3,3,"Research Director",2,"Single",11994,21293,0,"No",11,3,3,80,0,13,4,3,12,6,2,11,0.00437532955915187
"24",21,"No","Travel_Rarely",391,"Research & Development",15,2,"Life Sciences",1,30,3,"Male",96,3,1,"Research Scientist",4,"Single",1232,19281,1,"No",14,3,4,80,0,0,6,3,0,0,0,0,0.0613266147997561
"35",24,"Yes","Travel_Rarely",813,"Research & Development",1,3,"Medical",1,45,2,"Male",61,3,1,"Research Scientist",4,"Married",2293,3020,2,"Yes",16,3,1,80,1,6,2,2,2,0,2,0,0.588055354506914
"39",36,"No","Travel_Rarely",852,"Research & Development",5,4,"Life Sciences",1,51,2,"Female",82,2,1,"Research Scientist",1,"Married",3419,13072,9,"Yes",14,3,4,80,1,6,3,4,1,1,0,0,0.598191681556003
"43",26,"Yes","Travel_Rarely",1357,"Research & Development",25,3,"Life Sciences",1,55,1,"Male",48,1,1,"Laboratory Technician",3,"Single",2293,10558,1,"No",12,3,3,80,0,1,2,2,1,0,0,1,0.772588834978427
"45",30,"No","Travel_Frequently",721,"Research & Development",1,2,"Medical",1,57,3,"Female",58,3,2,"Laboratory Technician",4,"Single",4011,10781,1,"No",23,4,4,80,0,12,2,3,12,8,3,7,0.0273888036888598
"52",28,"Yes","Travel_Rarely",1434,"Research & Development",5,4,"Technical Degree",1,65,3,"Male",50,3,1,"Laboratory Technician",3,"Single",3441,11179,1,"Yes",13,3,3,80,0,2,3,2,2,2,2,2,0.883303062058591
"54",35,"No","Non-Travel",1097,"Research & Development",11,2,"Medical",1,70,3,"Male",79,2,3,"Healthcare Representative",1,"Married",9884,8302,2,"Yes",13,3,3,80,1,10,3,3,4,0,2,3,0.0423256858473936
"55",26,"No","Travel_Rarely",1443,"Sales",23,3,"Marketing",1,72,3,"Female",47,2,2,"Sales Executive",4,"Married",4157,21436,7,"Yes",19,3,3,80,1,5,2,2,2,2,0,0,0.839822591314188
"60",37,"No","Travel_Rarely",1115,"Research & Development",1,4,"Life Sciences",1,77,1,"Male",51,2,2,"Manufacturing Director",3,"Divorced",5993,2689,1,"No",18,3,3,80,1,7,2,4,7,5,0,7,0.00669342841913058
"61",32,"No","Travel_Rarely",427,"Research & Development",1,3,"Medical",1,78,1,"Male",33,3,2,"Manufacturing Director",4,"Married",6162,10877,1,"Yes",22,4,2,80,1,9,3,3,9,8,7,8,0.155200375272899
"63",50,"No","Travel_Rarely",989,"Research & Development",7,2,"Medical",1,80,2,"Female",43,2,5,"Research Director",3,"Divorced",18740,16701,5,"Yes",12,3,4,80,1,29,2,2,27,3,13,8,0.468545153048836
"84",38,"No","Non-Travel",573,"Research & Development",6,3,"Medical",1,107,2,"Female",79,1,2,"Research Scientist",4,"Divorced",5329,15717,7,"Yes",12,3,4,80,3,17,3,3,13,11,1,9,0.0142131779945181
"87",23,"No","Travel_Rarely",541,"Sales",2,1,"Technical Degree",1,113,3,"Male",62,3,1,"Sales Representative",1,"Divorced",2322,9518,3,"No",13,3,3,80,1,3,3,3,0,0,0,0,0.406125272526439
"97",24,"No","Travel_Rarely",1353,"Sales",3,2,"Other",1,128,1,"Female",33,3,2,"Sales Executive",3,"Married",4999,17519,0,"No",21,4,1,80,1,4,2,2,3,2,0,2,0.0678721329361476
"105",37,"No","Non-Travel",1040,"Research & Development",2,2,"Life Sciences",1,139,3,"Male",100,2,2,"Healthcare Representative",4,"Divorced",5163,15850,5,"No",14,3,4,80,1,17,2,4,1,0,0,0,0.000629038194720292
"106",59,"No","Non-Travel",1420,"Human Resources",2,4,"Human Resources",1,140,3,"Female",32,2,5,"Manager",4,"Married",18844,21922,9,"No",21,4,4,80,1,30,3,3,3,2,2,2,2.33908393823137e-09
"112",34,"Yes","Travel_Frequently",658,"Research & Development",7,3,"Life Sciences",1,147,1,"Male",66,1,2,"Laboratory Technician",3,"Single",6074,22887,1,"Yes",24,4,4,80,0,9,3,3,9,7,0,6,0.665896080297348
"113",54,"No","Non-Travel",142,"Human Resources",26,3,"Human Resources",1,148,4,"Female",30,4,4,"Manager",4,"Single",17328,13871,2,"Yes",12,3,3,80,0,23,3,3,5,3,4,4,5.4358676261877e-08
"120",43,"No","Travel_Frequently",394,"Sales",26,2,"Life Sciences",1,158,3,"Male",92,3,4,"Manager",4,"Married",16959,19494,1,"Yes",12,3,4,80,2,25,3,4,25,12,4,12,0.00693571521043946
"126",26,"No","Travel_Rarely",841,"Research & Development",6,3,"Other",1,164,3,"Female",46,2,1,"Research Scientist",2,"Married",2368,23300,1,"No",19,3,3,80,0,5,3,2,5,4,4,3,0.128621439115531
"134",41,"No","Travel_Rarely",802,"Sales",9,1,"Life Sciences",1,176,3,"Male",96,3,3,"Sales Executive",3,"Divorced",8189,21196,3,"Yes",13,3,3,80,1,12,2,3,9,7,0,7,0.0480477685914285
"135",26,"No","Travel_Rarely",1355,"Human Resources",25,1,"Life Sciences",1,177,3,"Female",61,3,1,"Human Resources",3,"Married",2942,8916,1,"No",23,4,4,80,1,8,3,3,8,7,5,7,0.0220682202689765
"136",36,"No","Travel_Rarely",216,"Research & Development",6,2,"Medical",1,178,2,"Male",84,3,2,"Manufacturing Director",2,"Divorced",4941,2819,6,"No",20,4,4,80,2,7,0,3,3,2,0,1,0.0401590713485771
"140",30,"No","Travel_Rarely",1240,"Human Resources",9,3,"Human Resources",1,184,3,"Male",48,3,2,"Human Resources",4,"Married",6347,13982,0,"Yes",19,3,4,80,0,12,2,1,11,9,4,7,0.406725892976479
"141",32,"Yes","Travel_Rarely",1033,"Research & Development",9,3,"Medical",1,190,1,"Female",41,3,1,"Laboratory Technician",1,"Single",4200,10224,7,"No",22,4,1,80,0,10,2,4,5,4,0,4,0.34021436858427
"143",38,"No","Travel_Rarely",364,"Research & Development",3,5,"Technical Degree",1,193,4,"Female",32,3,2,"Research Scientist",3,"Single",4317,2302,3,"Yes",20,4,2,80,0,19,2,3,3,2,2,2,0.409595428206836
"144",30,"No","Travel_Rarely",438,"Research & Development",18,3,"Life Sciences",1,194,1,"Female",75,3,1,"Research Scientist",3,"Single",2632,23910,1,"No",14,3,3,80,0,5,4,2,5,4,0,4,0.11822784488135
"146",30,"No","Travel_Rarely",201,"Research & Development",5,3,"Technical Degree",1,197,4,"Female",84,3,1,"Research Scientist",1,"Divorced",3204,10415,5,"No",14,3,4,80,1,8,3,3,3,2,2,2,0.090961199412229
"150",19,"No","Travel_Rarely",1181,"Research & Development",3,1,"Medical",1,201,2,"Female",79,3,1,"Laboratory Technician",2,"Single",1483,16102,1,"No",14,3,4,80,0,1,3,3,1,0,0,0,0.205504167113954
"151",40,"No","Travel_Frequently",1395,"Research & Development",26,3,"Medical",1,202,2,"Female",54,3,2,"Research Scientist",2,"Divorced",5605,8504,1,"No",11,3,1,80,1,20,2,3,20,7,2,13,0.026099207122811
"153",53,"No","Travel_Rarely",1436,"Sales",6,2,"Marketing",1,205,2,"Male",34,3,2,"Sales Representative",3,"Married",2306,16047,2,"Yes",20,4,4,80,1,13,3,1,7,7,4,5,0.381010307012972
"155",32,"No","Travel_Frequently",967,"Sales",8,3,"Marketing",1,207,2,"Female",43,3,3,"Sales Executive",4,"Single",8998,15589,1,"No",14,3,4,80,0,9,2,3,9,8,3,7,0.0954453082311906
"160",34,"No","Travel_Frequently",303,"Sales",2,4,"Marketing",1,216,3,"Female",75,3,1,"Sales Representative",3,"Married",2231,11314,6,"No",18,3,4,80,1,6,3,3,4,3,1,2,0.227467801487335
"162",27,"No","Non-Travel",691,"Research & Development",9,3,"Medical",1,218,4,"Male",57,3,1,"Research Scientist",2,"Divorced",2024,5970,6,"No",18,3,4,80,1,6,1,1,2,2,2,2,0.0485531473271638
"167",41,"No","Travel_Rarely",465,"Research & Development",14,3,"Life Sciences",1,227,1,"Male",56,3,1,"Research Scientist",3,"Divorced",2451,4609,4,"No",12,3,1,80,1,13,2,3,9,8,1,8,0.018076823619493
"171",27,"No","Travel_Rarely",1157,"Research & Development",17,3,"Technical Degree",1,233,3,"Male",51,3,1,"Research Scientist",2,"Married",3058,13364,0,"Yes",16,3,4,80,1,6,3,2,5,2,1,1,0.660382895916367
"173",36,"No","Travel_Frequently",1480,"Research & Development",3,2,"Medical",1,238,4,"Male",30,3,1,"Laboratory Technician",2,"Single",2088,15062,4,"No",12,3,3,80,0,13,3,2,8,7,7,2,0.565985231611047
"177",33,"No","Travel_Rarely",134,"Research & Development",2,3,"Life Sciences",1,242,3,"Male",90,3,1,"Research Scientist",4,"Single",2500,10515,0,"No",14,3,1,80,0,4,2,4,3,1,0,2,0.0384231348902596
"178",19,"Yes","Travel_Rarely",303,"Research & Development",2,3,"Life Sciences",1,243,2,"Male",47,2,1,"Laboratory Technician",4,"Single",1102,9241,1,"No",22,4,3,80,0,1,3,2,1,0,1,0,0.32449247026342
"179",46,"No","Travel_Rarely",526,"Sales",1,2,"Marketing",1,244,2,"Female",92,3,3,"Sales Executive",1,"Divorced",10453,2137,1,"No",25,4,3,80,3,24,2,3,24,13,15,7,0.164058155022136
"182",34,"No","Travel_Rarely",629,"Research & Development",27,2,"Medical",1,247,4,"Female",95,3,1,"Research Scientist",2,"Single",2311,5711,2,"No",15,3,4,80,0,9,3,3,3,2,1,2,0.0735796753029561
"183",41,"Yes","Travel_Rarely",1356,"Sales",20,2,"Marketing",1,248,2,"Female",70,3,1,"Sales Representative",2,"Single",3140,21728,1,"Yes",22,4,4,80,0,4,5,2,4,3,0,2,0.790853216475616
"187",40,"No","Travel_Rarely",989,"Research & Development",4,1,"Medical",1,253,4,"Female",46,3,5,"Manager",3,"Married",19033,6499,1,"No",14,3,2,80,1,21,2,3,20,8,9,9,0.0048379603227048
"188",55,"No","Travel_Rarely",692,"Research & Development",14,4,"Medical",1,254,3,"Male",61,4,5,"Research Director",2,"Single",18722,13339,8,"No",11,3,4,80,0,36,3,3,24,15,2,15,0.000441211039871058
"191",52,"No","Travel_Rarely",699,"Research & Development",1,4,"Life Sciences",1,259,3,"Male",65,2,5,"Manager",3,"Married",19999,5678,0,"No",14,3,1,80,1,34,5,3,33,18,11,9,0.00448351060991364
"195",45,"No","Non-Travel",1195,"Research & Development",2,2,"Medical",1,264,1,"Male",65,2,4,"Manager",4,"Married",16792,20462,9,"No",23,4,4,80,1,22,1,3,20,8,11,8,0.0451239792252931
"197",35,"No","Travel_Frequently",138,"Research & Development",2,3,"Medical",1,269,2,"Female",37,3,2,"Laboratory Technician",2,"Single",4425,15986,5,"No",11,3,4,80,0,10,5,3,6,2,1,2,0.259921424578108
"203",34,"No","Travel_Frequently",878,"Research & Development",10,4,"Medical",1,277,4,"Male",43,3,1,"Research Scientist",3,"Divorced",3815,5972,1,"Yes",17,3,4,80,1,5,4,4,5,3,2,0,0.199589224468434
"204",40,"No","Travel_Rarely",905,"Research & Development",19,2,"Medical",1,281,3,"Male",99,3,2,"Laboratory Technician",4,"Married",2741,16523,8,"Yes",15,3,3,80,1,15,2,4,7,2,3,7,0.281318588385306
"206",29,"Yes","Travel_Rarely",121,"Sales",27,3,"Marketing",1,283,2,"Female",35,3,3,"Sales Executive",4,"Married",7639,24525,1,"No",22,4,4,80,3,10,3,2,10,4,1,9,0.0189040066344145
"210",46,"No","Travel_Rarely",644,"Research & Development",1,4,"Medical",1,288,4,"Male",97,3,3,"Healthcare Representative",1,"Divorced",9396,12368,7,"No",16,3,3,80,1,17,3,3,4,2,0,3,0.0029973562522002
"222",33,"No","Travel_Rarely",147,"Research & Development",4,4,"Medical",1,305,3,"Female",47,2,1,"Research Scientist",2,"Married",2622,13248,6,"No",21,4,4,80,0,7,3,3,3,2,1,1,0.0638814237135764
"223",37,"No","Travel_Frequently",663,"Research & Development",11,3,"Other",1,306,2,"Male",47,3,3,"Research Director",4,"Divorced",12185,10056,1,"Yes",14,3,3,80,3,10,1,3,10,8,0,7,0.0112235214449744
"224",38,"No","Travel_Rarely",119,"Sales",3,3,"Life Sciences",1,307,1,"Male",76,3,3,"Sales Executive",3,"Divorced",10609,9647,0,"No",12,3,3,80,2,17,6,2,16,10,5,13,0.00470773007388999
"228",29,"No","Travel_Frequently",1413,"Sales",1,1,"Medical",1,312,2,"Female",42,3,3,"Sales Executive",4,"Married",7918,6599,1,"No",14,3,4,80,1,11,5,3,11,10,4,1,0.0175238064329141
"230",29,"Yes","Travel_Rarely",896,"Research & Development",18,1,"Medical",1,315,3,"Male",86,2,1,"Research Scientist",4,"Single",2389,14961,1,"Yes",13,3,3,80,0,4,3,2,4,3,0,1,0.626966822849298
"231",52,"No","Travel_Rarely",1323,"Research & Development",2,3,"Life Sciences",1,316,3,"Female",89,2,1,"Laboratory Technician",4,"Single",3212,3300,7,"No",15,3,2,80,0,6,3,2,2,2,2,2,0.169549881082779
"235",33,"Yes","Travel_Rarely",813,"Research & Development",14,3,"Medical",1,325,3,"Male",58,3,1,"Laboratory Technician",4,"Married",2436,22149,5,"Yes",13,3,3,80,1,8,2,1,5,4,0,4,0.429195416048687
"236",43,"No","Travel_Rarely",1034,"Sales",16,3,"Marketing",1,327,4,"Female",80,3,4,"Manager",4,"Married",16064,7744,5,"Yes",22,4,3,80,1,22,3,3,17,13,1,9,0.00177713739812356
"237",33,"Yes","Travel_Rarely",465,"Research & Development",2,2,"Life Sciences",1,328,1,"Female",39,3,1,"Laboratory Technician",1,"Married",2707,21509,7,"No",20,4,1,80,0,13,3,4,9,7,1,7,0.0494428091485944
"246",31,"No","Travel_Frequently",1327,"Research & Development",3,4,"Medical",1,337,2,"Male",73,3,3,"Research Director",3,"Divorced",13675,13523,9,"No",12,3,1,80,1,9,3,3,2,2,2,2,0.0488035844476635
"248",34,"No","Travel_Rarely",470,"Research & Development",2,4,"Life Sciences",1,339,4,"Male",84,2,2,"Manufacturing Director",1,"Married",5957,23687,6,"No",13,3,2,80,1,13,3,3,11,9,5,9,0.0440628215154653
"252",39,"No","Travel_Frequently",505,"Research & Development",2,4,"Technical Degree",1,343,3,"Female",64,3,3,"Healthcare Representative",3,"Single",10938,6420,0,"No",25,4,4,80,0,20,1,3,19,6,11,8,0.11909752316806
"266",29,"No","Travel_Rarely",1210,"Sales",2,3,"Medical",1,366,1,"Male",78,2,2,"Sales Executive",2,"Married",6644,3687,2,"No",19,3,2,80,2,10,2,3,0,0,0,0,0.176377927063074
"270",36,"No","Travel_Rarely",1403,"Research & Development",6,3,"Life Sciences",1,373,4,"Male",47,3,1,"Laboratory Technician",4,"Married",3210,20251,0,"No",11,3,3,80,1,16,4,3,15,13,10,11,0.0062891264351842
"275",21,"No","Travel_Rarely",996,"Research & Development",3,2,"Medical",1,379,4,"Male",100,2,1,"Research Scientist",3,"Single",3230,10531,1,"No",17,3,1,80,0,3,4,4,3,2,1,0,0.117556897370004
"284",55,"No","Travel_Rarely",147,"Research & Development",20,2,"Technical Degree",1,389,2,"Male",37,3,2,"Laboratory Technician",4,"Married",5415,15972,3,"Yes",19,3,4,80,1,12,4,3,10,7,0,8,0.0966875866082653
"286",37,"No","Travel_Rarely",1372,"Research & Development",1,3,"Life Sciences",1,391,4,"Female",42,3,1,"Research Scientist",4,"Single",2115,15881,1,"No",12,3,2,80,0,17,3,3,17,12,5,7,0.0103918666048138
"293",31,"No","Travel_Frequently",444,"Sales",5,3,"Marketing",1,399,4,"Female",84,3,1,"Sales Representative",2,"Divorced",2789,3909,1,"No",11,3,3,80,1,2,5,2,2,2,2,2,0.142283275856658
"295",37,"No","Travel_Frequently",889,"Research & Development",9,3,"Medical",1,403,2,"Male",53,3,1,"Research Scientist",4,"Married",2326,11411,1,"Yes",12,3,3,80,3,4,3,2,4,2,1,2,0.349268891157057
"298",35,"No","Travel_Rarely",1232,"Sales",16,3,"Marketing",1,406,3,"Male",96,3,3,"Sales Executive",2,"Married",8020,5100,0,"No",15,3,3,80,2,12,3,2,11,9,6,9,0.0378673346483362
"301",41,"No","Travel_Rarely",334,"Sales",2,4,"Life Sciences",1,410,4,"Male",88,3,4,"Manager",2,"Single",16015,15896,1,"No",19,3,2,80,0,22,2,3,22,10,0,4,0.00507273349763931
"304",31,"No","Travel_Rarely",218,"Sales",7,3,"Technical Degree",1,416,2,"Male",100,4,2,"Sales Executive",4,"Married",6929,12241,4,"No",11,3,2,80,1,10,3,2,8,7,7,7,0.176376395345993
"305",39,"No","Travel_Rarely",1132,"Research & Development",1,3,"Medical",1,417,3,"Male",48,4,3,"Healthcare Representative",4,"Divorced",9613,10942,0,"No",17,3,1,80,3,19,5,2,18,10,3,7,0.000326098802428528
"306",36,"No","Non-Travel",1105,"Research & Development",24,4,"Life Sciences",1,419,2,"Female",47,3,2,"Laboratory Technician",2,"Married",5674,6927,7,"No",15,3,3,80,1,11,3,3,9,8,0,8,0.0074232515343855
"308",38,"No","Travel_Rarely",849,"Research & Development",25,2,"Life Sciences",1,421,1,"Female",81,2,3,"Research Director",2,"Married",12061,26707,3,"No",17,3,3,80,1,19,2,3,10,8,0,1,0.0111673341552813
"309",58,"No","Non-Travel",390,"Research & Development",1,4,"Life Sciences",1,422,4,"Male",32,1,2,"Healthcare Representative",3,"Divorced",5660,17056,2,"Yes",13,3,4,80,1,12,2,3,5,3,1,2,0.00575256259444776
"310",31,"No","Travel_Rarely",691,"Research & Development",5,4,"Technical Degree",1,423,3,"Male",86,3,1,"Research Scientist",4,"Married",4821,10077,0,"Yes",12,3,3,80,1,6,4,3,5,2,0,3,0.153497313488868
"316",43,"No","Travel_Frequently",185,"Research & Development",10,4,"Life Sciences",1,430,3,"Female",33,3,1,"Laboratory Technician",4,"Single",2455,10675,0,"No",19,3,1,80,0,9,5,3,8,7,1,7,0.0245972593128768
"317",49,"No","Travel_Rarely",1091,"Research & Development",1,2,"Technical Degree",1,431,3,"Female",90,2,4,"Healthcare Representative",3,"Single",13964,17810,7,"Yes",12,3,4,80,0,25,2,3,7,1,0,7,0.0749932234963782
"320",32,"No","Travel_Rarely",588,"Sales",8,2,"Technical Degree",1,436,3,"Female",65,2,2,"Sales Executive",2,"Married",5228,24624,1,"Yes",11,3,4,80,0,13,2,3,13,12,11,9,0.73164464564332
"321",27,"No","Travel_Rarely",1377,"Sales",2,3,"Life Sciences",1,437,4,"Male",74,3,2,"Sales Executive",3,"Single",4478,5242,1,"Yes",11,3,1,80,0,5,3,3,5,4,0,4,0.290518109675239
"326",31,"No","Travel_Frequently",798,"Research & Development",7,2,"Life Sciences",1,442,3,"Female",48,2,3,"Manufacturing Director",3,"Married",8943,14034,1,"No",24,4,1,80,1,10,2,3,10,9,8,9,0.0352181500329425
"330",47,"No","Travel_Rarely",1482,"Research & Development",5,5,"Life Sciences",1,447,4,"Male",42,3,5,"Research Director",3,"Married",18300,16375,4,"No",11,3,2,80,1,21,2,3,3,2,1,1,0.00117657031542799
"332",27,"No","Non-Travel",210,"Sales",1,1,"Marketing",1,449,3,"Male",73,3,2,"Sales Executive",2,"Married",6349,22107,0,"Yes",13,3,4,80,1,6,0,3,5,4,1,4,0.115764571450695
"333",54,"No","Travel_Frequently",928,"Research & Development",20,4,"Life Sciences",1,450,4,"Female",31,3,2,"Research Scientist",3,"Single",4869,16885,3,"No",12,3,4,80,0,20,4,2,4,3,0,3,0.0250335025821253
"334",43,"No","Travel_Rarely",1001,"Research & Development",7,3,"Life Sciences",1,451,3,"Female",43,3,3,"Healthcare Representative",1,"Married",9985,9262,8,"No",16,3,1,80,1,10,1,2,1,0,0,0,0.0338491687419308
"336",40,"No","Travel_Rarely",1124,"Sales",1,2,"Medical",1,453,2,"Male",57,1,2,"Sales Executive",4,"Married",7457,13273,2,"Yes",22,4,3,80,3,6,2,2,4,3,0,2,0.300744263549503
"337",29,"Yes","Travel_Rarely",318,"Research & Development",8,4,"Other",1,454,2,"Male",77,1,1,"Laboratory Technician",1,"Married",2119,4759,1,"Yes",11,3,4,80,0,7,4,2,7,7,0,7,0.381858971975285
"342",38,"No","Travel_Rarely",343,"Research & Development",15,2,"Life Sciences",1,461,3,"Male",92,2,3,"Research Director",4,"Divorced",11510,15682,0,"Yes",14,3,2,80,1,12,3,3,11,10,2,9,0.00439061519852216
"343",31,"No","Travel_Rarely",1232,"Research & Development",7,4,"Medical",1,462,3,"Female",39,3,3,"Manufacturing Director",4,"Single",7143,25713,1,"Yes",14,3,3,80,0,11,2,2,11,9,4,10,0.141281532859199
"350",29,"No","Non-Travel",746,"Sales",2,3,"Life Sciences",1,469,4,"Male",61,3,2,"Sales Executive",3,"Married",4649,16928,1,"No",14,3,1,80,1,4,3,2,4,3,0,2,0.0093264289872725
"358",21,"Yes","Travel_Frequently",756,"Sales",1,1,"Technical Degree",1,478,1,"Female",99,2,1,"Sales Representative",2,"Single",2174,9150,1,"Yes",11,3,3,80,0,3,3,3,3,2,1,2,0.982075809169977
"361",57,"No","Travel_Rarely",593,"Research & Development",1,4,"Medical",1,482,4,"Male",88,3,2,"Healthcare Representative",3,"Married",6755,2967,2,"No",11,3,3,80,0,15,2,3,3,2,1,2,0.000918577067606924
"366",46,"No","Non-Travel",1144,"Research & Development",7,4,"Medical",1,487,3,"Female",30,3,2,"Manufacturing Director",3,"Married",5258,16044,2,"No",14,3,3,80,0,7,2,4,1,0,0,0,0.00299078095243376
"372",29,"No","Travel_Rarely",1283,"Research & Development",23,3,"Life Sciences",1,495,4,"Male",54,3,1,"Research Scientist",4,"Single",2201,18168,9,"No",16,3,4,80,0,6,4,3,3,2,1,2,0.170087831828896
"373",35,"No","Travel_Rarely",755,"Research & Development",9,4,"Life Sciences",1,496,3,"Male",97,2,2,"Healthcare Representative",2,"Single",6540,19394,9,"No",19,3,3,80,0,10,5,3,1,1,0,0,0.0921010318094333
"375",28,"No","Travel_Rarely",304,"Sales",9,4,"Life Sciences",1,498,2,"Male",92,3,2,"Sales Executive",4,"Single",5253,20750,1,"No",16,3,4,80,0,7,1,3,7,5,0,7,0.0528089443158791
"376",49,"No","Travel_Rarely",1261,"Research & Development",7,3,"Other",1,499,2,"Male",31,2,3,"Healthcare Representative",3,"Single",10965,12066,8,"No",24,4,3,80,0,26,2,3,5,2,0,0,0.0282184934948709
"377",51,"No","Travel_Rarely",1178,"Sales",14,2,"Life Sciences",1,500,3,"Female",87,3,2,"Sales Executive",4,"Married",4936,14862,4,"No",11,3,3,80,1,18,2,2,7,7,0,7,0.00317799511518965
"378",36,"No","Travel_Rarely",329,"Research & Development",2,3,"Life Sciences",1,501,4,"Female",96,3,1,"Research Scientist",3,"Married",2543,11868,4,"No",13,3,2,80,1,6,3,3,2,2,2,2,0.0149859340210408
"383",26,"Yes","Travel_Frequently",575,"Research & Development",3,1,"Technical Degree",1,510,3,"Male",73,3,1,"Research Scientist",1,"Single",3102,6582,0,"No",22,4,3,80,0,7,2,3,6,4,0,4,0.224921838748258
"384",22,"No","Travel_Rarely",253,"Research & Development",11,3,"Medical",1,511,1,"Female",43,3,1,"Research Scientist",2,"Married",2244,24440,1,"No",13,3,4,80,1,2,1,3,2,1,1,2,0.12318144008078
"385",36,"No","Travel_Rarely",164,"Sales",2,2,"Medical",1,513,2,"Male",61,2,3,"Sales Executive",3,"Married",7596,3809,1,"No",13,3,2,80,2,10,2,3,10,9,9,0,0.245075537840631
"386",30,"Yes","Travel_Frequently",464,"Research & Development",4,3,"Technical Degree",1,514,3,"Male",40,3,1,"Research Scientist",4,"Single",2285,3427,9,"Yes",23,4,3,80,0,3,4,3,1,0,0,0,0.905583801688501
"388",40,"No","Travel_Rarely",759,"Sales",2,2,"Marketing",1,516,4,"Female",46,3,2,"Sales Executive",2,"Divorced",5715,22553,7,"No",12,3,3,80,2,8,5,3,5,4,1,3,0.0238501588814132
"390",37,"No","Travel_Rarely",1305,"Research & Development",10,4,"Life Sciences",1,518,3,"Male",49,3,2,"Manufacturing Director",2,"Single",4197,21123,2,"Yes",12,3,4,80,0,18,2,2,1,0,0,1,0.460529266890662
"397",43,"No","Travel_Rarely",1473,"Research & Development",8,4,"Other",1,526,3,"Female",74,3,2,"Healthcare Representative",3,"Divorced",4522,2227,4,"Yes",14,3,4,80,0,8,3,3,5,2,0,2,0.0160592354303663
"402",56,"No","Travel_Frequently",906,"Sales",6,3,"Life Sciences",1,532,3,"Female",86,4,4,"Sales Executive",1,"Married",13212,18256,9,"No",11,3,4,80,3,36,0,2,7,7,7,7,0.0436998721865985
"405",28,"No","Travel_Rarely",1300,"Research & Development",17,2,"Medical",1,536,3,"Male",79,3,2,"Laboratory Technician",1,"Divorced",4558,13535,1,"No",12,3,4,80,1,10,2,3,10,0,1,8,0.0448858264053993
"406",25,"Yes","Travel_Rarely",688,"Research & Development",3,3,"Medical",1,538,1,"Male",91,3,1,"Laboratory Technician",1,"Married",4031,9396,5,"No",13,3,3,80,1,6,5,3,2,2,0,2,0.131617752583249
"420",30,"No","Non-Travel",1400,"Research & Development",3,3,"Life Sciences",1,562,3,"Male",53,3,1,"Laboratory Technician",4,"Married",2097,16734,4,"No",15,3,3,80,1,9,3,1,5,3,1,4,0.0118754874003877
"421",29,"No","Travel_Rarely",986,"Research & Development",3,4,"Medical",1,564,2,"Male",93,2,3,"Research Director",3,"Married",11935,21526,1,"No",18,3,3,80,0,10,2,3,10,2,0,7,0.00515450032479819
"424",30,"No","Non-Travel",1398,"Sales",22,4,"Other",1,567,3,"Female",69,3,3,"Sales Executive",1,"Married",8412,2890,0,"No",11,3,3,80,0,10,3,3,9,8,7,8,0.0151401863166352
"429",47,"No","Travel_Rarely",983,"Research & Development",2,2,"Medical",1,574,1,"Female",65,3,2,"Manufacturing Director",4,"Divorced",5070,7389,5,"No",13,3,3,80,3,20,2,3,5,0,0,4,0.00536094453094881
"434",46,"No","Travel_Rarely",1125,"Sales",10,3,"Marketing",1,580,3,"Female",94,2,3,"Sales Executive",4,"Married",9071,11563,2,"Yes",19,3,3,80,1,15,3,3,3,2,1,2,0.133347469913547
"435",31,"No","Travel_Rarely",1274,"Research & Development",9,1,"Life Sciences",1,581,3,"Male",33,3,3,"Manufacturing Director",2,"Divorced",10648,14394,1,"No",25,4,4,80,1,13,6,4,13,8,0,8,0.000589270837398545
"438",30,"No","Travel_Rarely",413,"Sales",7,1,"Marketing",1,585,4,"Male",57,3,1,"Sales Representative",2,"Single",2983,18398,0,"No",14,3,1,80,0,4,3,3,3,2,1,2,0.382855841964671
"439",35,"No","Travel_Rarely",1276,"Research & Development",16,3,"Life Sciences",1,586,4,"Male",72,3,3,"Healthcare Representative",3,"Married",7632,14295,4,"Yes",12,3,3,80,0,10,2,3,8,7,0,0,0.0298662105692168
"440",31,"Yes","Travel_Frequently",534,"Research & Development",20,3,"Life Sciences",1,587,1,"Male",66,3,3,"Healthcare Representative",3,"Married",9824,22908,3,"No",12,3,1,80,0,12,2,3,1,0,0,0,0.0642529829113208
"442",42,"No","Travel_Frequently",1474,"Research & Development",5,2,"Other",1,591,2,"Male",97,3,1,"Laboratory Technician",3,"Married",2093,9260,4,"No",17,3,4,80,1,8,4,3,2,2,2,0,0.0864680274364348
"445",48,"No","Travel_Rarely",163,"Sales",2,5,"Marketing",1,595,2,"Female",37,3,2,"Sales Executive",4,"Married",4051,19658,2,"No",14,3,1,80,1,14,2,3,9,7,6,7,0.0437469462927487
"450",39,"No","Travel_Frequently",443,"Research & Development",8,1,"Life Sciences",1,602,3,"Female",48,3,1,"Laboratory Technician",3,"Married",3755,17872,1,"No",11,3,1,80,1,8,3,3,8,3,0,7,0.0182213659528763
"452",42,"No","Travel_Rarely",319,"Research & Development",24,3,"Medical",1,605,4,"Male",56,3,3,"Manufacturing Director",1,"Married",7406,6950,1,"Yes",21,4,4,80,1,10,5,2,10,9,5,8,0.0683918533391025
"457",31,"No","Travel_Rarely",688,"Sales",7,3,"Life Sciences",1,613,3,"Male",44,2,3,"Manager",4,"Divorced",11557,25291,9,"No",21,4,3,80,1,10,3,2,5,4,0,1,0.0127933119967643
"459",40,"No","Non-Travel",1094,"Sales",28,3,"Other",1,615,3,"Male",58,1,3,"Sales Executive",1,"Divorced",10932,11373,3,"No",15,3,3,80,1,20,2,3,1,0,0,1,0.056578413651892
"462",35,"No","Travel_Rarely",195,"Sales",1,3,"Medical",1,620,1,"Female",80,3,2,"Sales Executive",3,"Single",4859,6698,1,"No",16,3,4,80,0,5,3,3,5,4,0,3,0.0583946332896081
"463",34,"No","Travel_Rarely",258,"Sales",21,4,"Life Sciences",1,621,4,"Male",74,4,2,"Sales Executive",4,"Single",5337,19921,1,"No",12,3,4,80,0,10,3,3,10,7,5,7,0.0395336396127912
"465",37,"No","Travel_Rarely",799,"Research & Development",1,3,"Technical Degree",1,623,2,"Female",59,3,3,"Manufacturing Director",4,"Single",7491,23848,4,"No",17,3,4,80,0,12,3,4,6,5,1,2,0.0428808005828858
"472",38,"No","Travel_Rarely",1495,"Research & Development",10,3,"Medical",1,634,3,"Female",76,3,2,"Healthcare Representative",3,"Married",9824,22174,3,"No",19,3,3,80,1,18,4,3,1,0,0,0,0.00240091946049672
"474",49,"No","Travel_Rarely",1245,"Research & Development",18,4,"Life Sciences",1,638,4,"Male",58,2,5,"Research Director",3,"Divorced",19502,2125,1,"Yes",17,3,3,80,1,31,5,3,31,9,0,9,0.00222795404619398
"476",26,"No","Travel_Rarely",703,"Sales",28,2,"Marketing",1,641,1,"Male",66,3,2,"Sales Executive",2,"Married",6272,7428,1,"No",20,4,4,80,2,6,5,4,5,3,1,4,0.0535688862645614
"477",24,"No","Travel_Rarely",823,"Research & Development",17,2,"Other",1,643,4,"Male",94,2,1,"Laboratory Technician",2,"Married",2127,9100,1,"No",21,4,4,80,1,1,2,3,1,0,0,0,0.0734017512951964
"486",27,"No","Travel_Rarely",798,"Research & Development",6,4,"Medical",1,655,1,"Female",66,2,1,"Research Scientist",3,"Divorced",2187,5013,0,"No",12,3,3,80,2,6,5,2,5,3,0,3,0.0218782099733963
"489",42,"No","Travel_Rarely",622,"Research & Development",2,4,"Life Sciences",1,659,3,"Female",81,3,2,"Healthcare Representative",4,"Married",4089,5718,1,"No",13,3,2,80,2,10,4,3,10,2,2,2,0.00148321778521234
"491",38,"No","Travel_Rarely",362,"Research & Development",1,1,"Life Sciences",1,662,3,"Female",43,3,1,"Research Scientist",1,"Single",2619,14561,3,"No",17,3,4,80,0,8,3,2,0,0,0,0,0.104007683788311
"492",43,"No","Travel_Frequently",1001,"Research & Development",9,5,"Medical",1,663,4,"Male",72,3,2,"Laboratory Technician",3,"Divorced",5679,19627,3,"Yes",13,3,2,80,1,10,3,3,8,7,4,7,0.232301405434883
"500",33,"No","Travel_Rarely",1216,"Sales",8,4,"Marketing",1,677,3,"Male",39,3,2,"Sales Executive",3,"Divorced",7104,20431,0,"No",12,3,4,80,0,6,3,3,5,0,1,2,0.0535056948254564
"501",32,"No","Travel_Rarely",646,"Research & Development",9,4,"Life Sciences",1,679,1,"Female",92,3,2,"Research Scientist",4,"Married",6322,18089,1,"Yes",12,3,4,80,1,6,2,2,6,4,0,5,0.0945680106377254
"502",30,"No","Travel_Frequently",160,"Research & Development",3,3,"Medical",1,680,3,"Female",71,3,1,"Research Scientist",3,"Divorced",2083,22653,1,"No",20,4,3,80,1,1,2,3,1,0,0,0,0.0363065785887195
"505",45,"Yes","Travel_Frequently",306,"Sales",26,4,"Life Sciences",1,684,1,"Female",100,3,2,"Sales Executive",1,"Married",4286,5630,2,"No",14,3,4,80,2,5,4,3,1,1,0,0,0.164869641247016
"509",35,"No","Travel_Rarely",1017,"Research & Development",6,4,"Life Sciences",1,691,2,"Male",82,1,2,"Research Scientist",4,"Single",6646,19368,1,"No",13,3,2,80,0,17,3,3,17,11,11,8,0.330665718307328
"516",35,"No","Non-Travel",727,"Research & Development",3,3,"Life Sciences",1,704,3,"Male",41,2,1,"Laboratory Technician",3,"Married",1281,16900,1,"No",18,3,3,80,2,1,3,3,1,0,0,0,0.0152850168679847
"522",27,"No","Travel_Frequently",1410,"Sales",3,1,"Medical",1,714,4,"Female",71,4,2,"Sales Executive",4,"Divorced",4647,16673,1,"Yes",20,4,2,80,2,6,3,3,6,5,0,4,0.029717957750975
"527",39,"No","Travel_Rarely",408,"Research & Development",2,4,"Technical Degree",1,721,4,"Female",80,2,2,"Healthcare Representative",3,"Single",4553,20978,1,"No",11,3,1,80,0,20,4,3,20,7,11,10,0.0987099533995632
"528",32,"No","Travel_Rarely",929,"Sales",10,3,"Marketing",1,722,4,"Male",55,3,2,"Sales Executive",4,"Single",5396,21703,1,"No",12,3,4,80,0,10,2,2,10,7,0,8,0.0278696043888776
"529",50,"Yes","Travel_Frequently",562,"Sales",8,2,"Technical Degree",1,723,2,"Male",50,3,2,"Sales Executive",3,"Married",6796,23452,3,"Yes",14,3,1,80,1,18,4,3,4,3,1,3,0.594488839294097
"531",27,"No","Travel_Rarely",608,"Research & Development",1,2,"Life Sciences",1,725,3,"Female",68,3,3,"Manufacturing Director",1,"Married",7412,6009,1,"No",11,3,4,80,0,9,3,3,9,7,0,7,0.00227830108431142
"532",32,"No","Travel_Rarely",1018,"Research & Development",3,2,"Life Sciences",1,727,3,"Female",39,3,3,"Research Director",4,"Single",11159,19373,3,"No",15,3,4,80,0,10,6,3,7,7,7,7,0.00283722993528872
"533",47,"No","Travel_Rarely",703,"Sales",14,4,"Marketing",1,728,4,"Male",42,3,2,"Sales Executive",1,"Single",4960,11825,2,"No",12,3,4,80,0,20,2,3,7,7,1,7,0.0396145843280367
"534",40,"No","Travel_Frequently",580,"Sales",5,4,"Life Sciences",1,729,4,"Male",48,2,3,"Sales Executive",1,"Married",10475,23772,5,"Yes",21,4,3,80,1,20,2,3,18,13,1,12,0.114332179784813
"536",41,"No","Travel_Rarely",427,"Human Resources",10,4,"Human Resources",1,731,2,"Male",73,2,5,"Manager",4,"Divorced",19141,8861,3,"No",15,3,2,80,3,23,2,2,21,6,12,6,6.62481873015643e-07
"541",28,"Yes","Travel_Rarely",654,"Research & Development",1,2,"Life Sciences",1,741,1,"Female",67,1,1,"Research Scientist",2,"Single",2216,3872,7,"Yes",13,3,4,80,0,10,4,3,7,7,3,7,0.686747783177631
"542",36,"No","Non-Travel",427,"Research & Development",8,3,"Life Sciences",1,742,1,"Female",63,4,3,"Research Director",1,"Married",11713,20335,9,"No",14,3,1,80,1,10,2,3,8,7,0,5,0.00327226268494452
"545",47,"No","Travel_Frequently",217,"Sales",3,3,"Medical",1,746,4,"Female",49,3,4,"Sales Executive",3,"Divorced",13770,10225,9,"Yes",12,3,4,80,2,28,2,2,22,2,11,13,0.667778985624549
"546",30,"No","Travel_Rarely",501,"Sales",27,5,"Marketing",1,747,3,"Male",99,3,2,"Sales Executive",4,"Divorced",5304,25275,7,"No",23,4,4,80,1,10,2,2,8,7,7,7,0.255597835462755
"547",29,"No","Travel_Rarely",1396,"Sales",10,3,"Life Sciences",1,749,3,"Male",99,3,1,"Sales Representative",3,"Single",2642,2755,1,"No",11,3,3,80,0,1,6,3,1,0,0,0,0.163606981687728
"550",34,"No","Travel_Rarely",970,"Research & Development",8,2,"Medical",1,757,2,"Female",96,3,2,"Healthcare Representative",3,"Single",6142,7360,3,"No",11,3,4,80,0,10,2,3,5,1,4,3,0.0309308135832109
"555",27,"No","Travel_Rarely",975,"Research & Development",7,3,"Medical",1,764,4,"Female",55,2,2,"Healthcare Representative",1,"Single",6811,23398,8,"No",19,3,1,80,0,9,2,1,7,6,0,7,0.102534672340466
"556",29,"No","Travel_Rarely",1090,"Sales",10,3,"Marketing",1,766,4,"Male",83,3,1,"Sales Representative",2,"Divorced",2297,17967,1,"No",14,3,4,80,2,2,2,3,2,2,2,2,0.127186390171027
"558",35,"No","Non-Travel",1225,"Research & Development",2,4,"Life Sciences",1,771,4,"Female",61,3,2,"Healthcare Representative",1,"Divorced",5093,4761,2,"No",11,3,1,80,1,16,2,4,1,0,0,0,0.000613849889894338
"560",38,"No","Travel_Rarely",268,"Research & Development",2,5,"Medical",1,773,4,"Male",92,3,1,"Research Scientist",3,"Married",3057,20471,6,"Yes",13,3,2,80,1,6,0,1,1,0,0,1,0.597339853278983
"561",34,"No","Travel_Rarely",167,"Research & Development",8,5,"Life Sciences",1,775,2,"Female",32,3,2,"Manufacturing Director",1,"Divorced",5121,4187,3,"No",14,3,3,80,1,7,3,3,0,0,0,0,0.0402947189864607
"562",52,"No","Travel_Rarely",621,"Sales",3,4,"Marketing",1,776,3,"Male",31,2,4,"Manager",1,"Married",16856,10084,1,"No",11,3,1,80,0,34,3,4,34,6,1,16,0.0017440097649785
"564",25,"No","Travel_Rarely",883,"Sales",26,1,"Medical",1,781,3,"Female",32,3,2,"Sales Executive",4,"Single",6180,22807,1,"No",23,4,2,80,0,6,5,2,6,5,1,4,0.0732404482708969
"565",45,"No","Travel_Rarely",954,"Sales",2,2,"Technical Degree",1,783,2,"Male",46,1,2,"Sales Representative",3,"Single",6632,12388,0,"No",13,3,1,80,0,9,3,3,8,7,3,1,0.677112598172254
"566",23,"No","Travel_Rarely",310,"Research & Development",10,1,"Medical",1,784,1,"Male",79,4,1,"Research Scientist",3,"Single",3505,19630,1,"No",18,3,4,80,0,2,3,3,2,2,0,2,0.0967776444236524
"569",55,"Yes","Travel_Rarely",725,"Research & Development",2,3,"Medical",1,787,4,"Male",78,3,5,"Manager",1,"Married",19859,21199,5,"Yes",13,3,4,80,1,24,2,3,5,2,1,4,0.0266217763104218
"577",27,"No","Travel_Frequently",829,"Sales",8,1,"Marketing",1,800,3,"Male",84,3,2,"Sales Executive",4,"Married",4342,24008,0,"No",19,3,2,80,1,5,3,3,4,2,1,1,0.100306882632683
"578",37,"No","Travel_Rarely",571,"Research & Development",10,1,"Life Sciences",1,802,4,"Female",82,3,1,"Research Scientist",1,"Divorced",2782,19905,0,"Yes",13,3,2,80,2,6,3,2,5,3,4,3,0.245151277040041
"579",38,"No","Travel_Frequently",240,"Research & Development",2,4,"Life Sciences",1,803,1,"Female",75,4,2,"Manufacturing Director",1,"Single",5980,26085,6,"Yes",12,3,4,80,0,17,2,3,15,7,4,12,0.595614608592272
"583",40,"No","Travel_Frequently",791,"Research & Development",2,2,"Medical",1,807,3,"Female",38,4,2,"Healthcare Representative",2,"Married",4244,9931,1,"No",24,4,4,80,1,8,2,3,8,7,3,7,0.000948798798514514
"584",34,"No","Travel_Rarely",1111,"Sales",8,2,"Life Sciences",1,808,3,"Female",93,3,2,"Sales Executive",1,"Married",6500,13305,5,"No",17,3,2,80,1,6,1,3,3,2,1,2,0.116861767312841
"590",29,"Yes","Travel_Rarely",805,"Research & Development",1,2,"Life Sciences",1,816,2,"Female",36,2,1,"Laboratory Technician",1,"Married",2319,6689,1,"Yes",11,3,4,80,1,1,1,3,1,0,0,0,0.534981966932854
"591",33,"No","Travel_Rarely",213,"Research & Development",7,3,"Medical",1,817,3,"Male",49,3,3,"Research Director",3,"Married",11691,25995,0,"No",11,3,4,80,0,14,3,4,13,9,3,7,0.000687295347823268
"593",47,"No","Travel_Rarely",202,"Research & Development",2,2,"Other",1,820,3,"Female",33,3,4,"Manager",4,"Married",16752,12982,1,"Yes",11,3,3,80,1,26,3,2,26,14,3,0,0.0239987327351826
"594",36,"No","Travel_Rarely",676,"Research & Development",1,3,"Other",1,823,3,"Female",35,3,2,"Manufacturing Director",2,"Married",5228,23361,0,"No",15,3,1,80,1,10,2,3,9,7,0,5,0.00589156164386462
"600",36,"No","Travel_Rarely",1041,"Human Resources",13,3,"Human Resources",1,829,3,"Male",36,3,1,"Human Resources",2,"Married",2143,25527,4,"No",13,3,2,80,1,8,2,3,5,2,0,4,0.233292097967207
"603",30,"No","Travel_Rarely",946,"Research & Development",2,3,"Medical",1,833,3,"Female",52,2,2,"Manufacturing Director",4,"Single",6877,20234,5,"Yes",24,4,2,80,0,12,4,2,0,0,0,0,0.457684342522404
"607",34,"No","Travel_Frequently",702,"Research & Development",16,4,"Life Sciences",1,838,3,"Female",100,2,1,"Research Scientist",4,"Single",2553,8306,1,"No",16,3,3,80,0,6,3,3,5,2,1,3,0.122770726397381
"610",43,"No","Travel_Rarely",589,"Research & Development",14,2,"Life Sciences",1,843,2,"Male",94,3,4,"Research Director",1,"Married",17159,5200,6,"No",24,4,3,80,1,22,3,3,4,1,1,0,0.00721377707864369
"612",35,"No","Travel_Rarely",950,"Research & Development",7,3,"Other",1,845,3,"Male",59,3,3,"Manufacturing Director",3,"Single",10221,18869,3,"No",21,4,2,80,0,17,3,4,8,5,1,6,0.0116344361480882
"613",28,"No","Travel_Rarely",760,"Sales",2,4,"Marketing",1,846,2,"Female",81,3,2,"Sales Executive",2,"Married",4779,3698,1,"Yes",20,4,1,80,0,8,2,3,8,7,7,5,0.601985843832887
"619",25,"No","Travel_Rarely",180,"Research & Development",2,1,"Medical",1,854,1,"Male",65,4,1,"Research Scientist",1,"Single",3424,21632,7,"No",13,3,3,80,0,6,3,2,4,3,0,1,0.477301332446305
"620",33,"No","Travel_Rarely",586,"Sales",1,3,"Medical",1,855,1,"Male",48,4,2,"Sales Executive",1,"Divorced",4037,21816,1,"No",22,4,1,80,1,9,5,3,9,8,0,8,0.0089242750615233
"624",30,"No","Travel_Frequently",1012,"Research & Development",5,4,"Life Sciences",1,861,2,"Male",75,2,1,"Research Scientist",4,"Divorced",3761,2373,9,"No",12,3,2,80,1,10,3,2,5,4,0,3,0.145764075742724
"636",35,"No","Travel_Rarely",607,"Research & Development",9,3,"Life Sciences",1,880,4,"Female",66,2,3,"Manufacturing Director",3,"Married",10685,23457,1,"Yes",20,4,2,80,1,17,2,3,17,14,5,15,0.00952217691635276
"638",32,"No","Non-Travel",300,"Research & Development",1,3,"Life Sciences",1,882,4,"Male",61,3,1,"Laboratory Technician",4,"Divorced",2314,9148,0,"No",12,3,2,80,1,4,2,3,3,0,0,2,0.00311426120210589
"639",25,"No","Travel_Rarely",583,"Sales",4,1,"Marketing",1,885,3,"Male",87,2,2,"Sales Executive",1,"Married",4256,18154,1,"No",12,3,1,80,0,5,1,4,5,2,0,3,0.170085774438709
"640",49,"No","Travel_Rarely",1418,"Research & Development",1,3,"Technical Degree",1,887,3,"Female",36,3,1,"Research Scientist",1,"Married",3580,10554,2,"No",16,3,2,80,1,7,2,3,4,2,0,2,0.0494503464579671
"650",53,"No","Travel_Rarely",102,"Research & Development",23,4,"Life Sciences",1,901,4,"Female",72,3,4,"Research Director",4,"Single",14275,20206,6,"No",18,3,3,80,0,33,0,3,12,9,3,8,0.00178657789070569
"651",43,"No","Travel_Frequently",422,"Research & Development",1,3,"Life Sciences",1,902,4,"Female",33,3,2,"Healthcare Representative",4,"Married",5562,21782,4,"No",13,3,2,80,1,12,2,2,5,2,2,2,0.00637664482385867
"653",37,"No","Non-Travel",1252,"Sales",19,2,"Medical",1,904,1,"Male",32,3,3,"Sales Executive",2,"Single",7642,4814,1,"Yes",13,3,4,80,0,10,2,3,10,0,0,9,0.289170184489881
"660",28,"No","Travel_Rarely",821,"Sales",5,4,"Medical",1,916,1,"Male",98,3,2,"Sales Executive",4,"Single",4908,24252,1,"No",14,3,2,80,0,4,3,3,4,2,0,2,0.206115735243217
"662",43,"No","Travel_Rarely",177,"Research & Development",8,3,"Life Sciences",1,920,1,"Female",55,3,2,"Manufacturing Director",2,"Divorced",4765,23814,4,"No",21,4,3,80,1,4,2,4,1,0,0,0,0.0299553033379523
"666",47,"No","Travel_Rarely",1454,"Sales",2,4,"Life Sciences",1,925,4,"Female",65,2,1,"Sales Representative",4,"Single",3294,13137,1,"Yes",18,3,1,80,0,3,3,2,3,2,1,2,0.636252406508601
"673",42,"No","Travel_Rarely",462,"Sales",14,2,"Medical",1,936,3,"Female",68,2,2,"Sales Executive",3,"Single",6244,7824,7,"No",17,3,1,80,0,10,6,3,5,4,0,3,0.127284428610521
"684",25,"Yes","Travel_Rarely",867,"Sales",19,2,"Marketing",1,952,3,"Male",36,2,1,"Sales Representative",2,"Married",2413,18798,1,"Yes",18,3,3,80,3,1,2,3,1,0,0,0,0.882536238965744
"691",31,"No","Travel_Rarely",616,"Research & Development",12,3,"Medical",1,961,4,"Female",41,3,2,"Healthcare Representative",4,"Married",5855,17369,0,"Yes",11,3,3,80,2,10,2,1,9,7,8,5,0.0638577391133632
"692",40,"No","Travel_Frequently",1469,"Research & Development",9,4,"Medical",1,964,4,"Male",35,3,1,"Research Scientist",2,"Divorced",3617,25063,8,"Yes",14,3,4,80,1,3,2,3,1,1,0,0,0.619942107627832
"695",33,"No","Travel_Rarely",1069,"Research & Development",1,3,"Life Sciences",1,969,2,"Female",42,2,2,"Healthcare Representative",4,"Single",6949,12291,0,"No",14,3,1,80,0,6,3,3,5,0,1,4,0.0143647878449259
"700",52,"No","Travel_Rarely",1053,"Research & Development",1,2,"Life Sciences",1,976,4,"Male",70,3,4,"Manager",4,"Married",17099,13829,2,"No",15,3,2,80,1,26,2,2,9,8,7,8,0.00134513334059919
"706",39,"No","Travel_Rarely",903,"Sales",2,5,"Life Sciences",1,985,1,"Male",41,4,3,"Sales Executive",3,"Single",7880,2560,0,"No",18,3,4,80,0,9,3,3,8,7,0,7,0.0107197658330783
"708",47,"No","Travel_Frequently",1379,"Research & Development",16,4,"Medical",1,987,3,"Male",64,4,2,"Manufacturing Director",3,"Divorced",5067,6759,1,"Yes",19,3,3,80,0,20,3,4,19,10,2,7,0.0343216420061815
"716",33,"No","Travel_Frequently",827,"Research & Development",1,4,"Other",1,998,3,"Female",84,4,2,"Healthcare Representative",2,"Married",5488,20161,1,"Yes",13,3,1,80,1,6,2,3,6,5,1,2,0.0543876699629339
"717",41,"No","Travel_Frequently",840,"Research & Development",9,3,"Medical",1,999,1,"Male",64,3,5,"Research Director",3,"Divorced",19419,3735,2,"No",17,3,2,80,1,21,2,4,18,16,0,11,0.000235330714213569
"721",30,"Yes","Travel_Rarely",138,"Research & Development",22,3,"Life Sciences",1,1004,1,"Female",48,3,1,"Research Scientist",3,"Married",2132,11539,4,"Yes",11,3,2,80,0,7,2,3,5,2,0,1,0.571998247203587
"728",18,"No","Non-Travel",287,"Research & Development",5,2,"Life Sciences",1,1012,2,"Male",73,3,1,"Research Scientist",4,"Single",1051,13493,1,"No",15,3,4,80,0,0,2,3,0,0,0,0,0.0348243456982869
"729",54,"No","Travel_Rarely",1441,"Research & Development",17,3,"Technical Degree",1,1013,3,"Female",56,3,3,"Manufacturing Director",3,"Married",10739,13943,8,"No",11,3,3,80,1,22,2,3,10,7,0,8,0.00755196460095939
"733",30,"Yes","Travel_Frequently",109,"Research & Development",5,3,"Medical",1,1017,2,"Female",60,3,1,"Laboratory Technician",2,"Single",2422,25725,0,"No",17,3,1,80,0,4,3,3,3,2,1,2,0.409901484324708
"738",41,"No","Travel_Rarely",549,"Research & Development",7,2,"Medical",1,1025,4,"Female",42,3,2,"Manufacturing Director",3,"Single",5003,23371,6,"No",14,3,2,80,0,8,6,3,2,2,2,1,0.0489514553119198
"740",27,"No","Travel_Rarely",1055,"Research & Development",2,4,"Life Sciences",1,1027,1,"Female",47,3,2,"Manufacturing Director",4,"Married",4227,4658,0,"No",18,3,2,80,1,4,2,3,3,2,2,2,0.0203435242800119
"745",37,"Yes","Travel_Rarely",1141,"Research & Development",11,2,"Medical",1,1033,1,"Female",61,1,2,"Healthcare Representative",2,"Married",4777,14382,5,"No",15,3,1,80,0,15,2,1,1,0,0,0,0.129292289152155
"748",38,"No","Travel_Rarely",1035,"Sales",3,4,"Life Sciences",1,1036,2,"Male",42,3,2,"Sales Executive",4,"Single",6861,4981,8,"Yes",12,3,3,80,0,19,1,3,1,0,0,0,0.701977989644007
"750",52,"Yes","Travel_Rarely",266,"Sales",2,1,"Marketing",1,1038,1,"Female",57,1,5,"Manager",4,"Married",19845,25846,1,"No",15,3,4,80,1,33,3,3,32,14,6,9,0.00247282921012186
"755",33,"No","Non-Travel",1038,"Sales",8,1,"Life Sciences",1,1044,2,"Female",88,2,1,"Sales Representative",4,"Single",2342,21437,0,"No",19,3,4,80,0,3,2,2,2,2,2,2,0.110056405194576
"756",45,"No","Travel_Rarely",1234,"Sales",11,2,"Life Sciences",1,1045,4,"Female",90,3,4,"Manager",4,"Married",17650,5404,3,"No",13,3,2,80,1,26,4,4,9,3,1,1,0.000318929498492792
"758",34,"No","Travel_Rarely",216,"Sales",1,4,"Marketing",1,1047,2,"Male",75,4,2,"Sales Executive",4,"Divorced",9725,12278,0,"No",11,3,4,80,1,16,2,2,15,1,0,9,0.0102836955723072
"760",45,"No","Travel_Rarely",788,"Human Resources",24,4,"Medical",1,1049,2,"Male",36,3,1,"Human Resources",2,"Single",2177,8318,1,"No",16,3,1,80,0,6,3,3,6,3,0,4,0.299711453168542
"762",36,"Yes","Travel_Rarely",660,"Research & Development",15,3,"Other",1,1052,1,"Male",81,3,2,"Laboratory Technician",3,"Divorced",4834,7858,7,"No",14,3,2,80,1,9,3,2,1,0,0,0,0.219223358705418
"763",26,"Yes","Travel_Frequently",342,"Research & Development",2,3,"Life Sciences",1,1053,1,"Male",57,3,1,"Research Scientist",1,"Married",2042,15346,6,"Yes",14,3,2,80,1,6,2,3,3,2,1,2,0.866667194675458
"768",37,"No","Travel_Rarely",124,"Research & Development",3,3,"Other",1,1062,4,"Female",35,3,2,"Healthcare Representative",2,"Single",4107,13848,3,"No",15,3,1,80,0,8,3,2,4,3,0,1,0.0183190996703336
"772",54,"No","Travel_Rarely",1082,"Sales",2,4,"Life Sciences",1,1070,3,"Female",41,2,3,"Sales Executive",3,"Married",10686,8392,6,"No",11,3,2,80,1,13,4,3,9,4,7,0,0.134609003713968
"773",56,"No","Travel_Frequently",1240,"Research & Development",9,3,"Medical",1,1071,1,"Female",63,3,1,"Research Scientist",3,"Married",2942,12154,2,"No",19,3,2,80,1,18,4,3,5,4,0,3,0.0132285984383695
"776",43,"No","Travel_Rarely",415,"Sales",25,3,"Medical",1,1076,3,"Male",79,2,3,"Sales Executive",4,"Divorced",10798,5268,5,"No",13,3,3,80,1,18,5,3,1,0,0,0,0.029214406639748
"781",28,"Yes","Non-Travel",1366,"Research & Development",24,2,"Technical Degree",1,1082,2,"Male",72,2,3,"Healthcare Representative",1,"Single",8722,12355,1,"No",12,3,1,80,0,10,2,2,10,7,1,9,0.0446251655571935
"782",26,"No","Travel_Rarely",192,"Research & Development",1,2,"Medical",1,1083,1,"Male",59,2,1,"Laboratory Technician",1,"Married",3955,11141,1,"No",16,3,1,80,2,6,2,3,5,3,1,3,0.235049411353067
"784",41,"No","Travel_Rarely",509,"Research & Development",7,2,"Technical Degree",1,1085,2,"Female",43,4,1,"Research Scientist",3,"Married",3376,18863,1,"No",13,3,3,80,0,10,3,3,10,6,0,8,0.00635266324407707
"786",40,"No","Travel_Rarely",1492,"Research & Development",20,4,"Technical Degree",1,1092,1,"Male",61,3,3,"Healthcare Representative",4,"Married",10322,26542,4,"No",20,4,4,80,1,14,6,3,11,10,11,1,0.0672945433456437
"788",55,"No","Travel_Frequently",1091,"Research & Development",2,1,"Life Sciences",1,1096,4,"Male",65,3,3,"Manufacturing Director",2,"Married",10976,15813,3,"No",18,3,2,80,1,23,4,3,3,2,1,2,0.00546610001313275
"791",33,"No","Travel_Rarely",654,"Research & Development",5,3,"Life Sciences",1,1099,4,"Male",34,2,3,"Healthcare Representative",4,"Divorced",7119,21214,4,"No",15,3,3,80,1,9,2,3,3,2,1,2,0.00306014206211627
"810",28,"No","Travel_Rarely",950,"Research & Development",3,3,"Medical",1,1121,4,"Female",93,3,3,"Manufacturing Director",2,"Divorced",7655,8039,0,"No",17,3,2,80,3,10,3,2,9,7,1,7,0.00199450961250191
"811",46,"No","Travel_Rarely",406,"Sales",3,1,"Marketing",1,1124,1,"Male",52,3,4,"Manager",3,"Married",17465,15596,3,"No",12,3,4,80,1,23,3,3,12,9,4,9,0.00128616376728162
"812",38,"No","Travel_Rarely",130,"Sales",2,2,"Marketing",1,1125,4,"Male",32,3,3,"Sales Executive",2,"Single",7351,20619,7,"No",16,3,3,80,0,10,2,3,1,0,0,0,0.289103109267218
"814",39,"Yes","Travel_Frequently",203,"Research & Development",2,3,"Life Sciences",1,1127,1,"Male",84,3,4,"Healthcare Representative",4,"Divorced",12169,13547,7,"No",11,3,4,80,3,21,4,3,18,7,11,5,0.0396335396649835
"816",21,"No","Travel_Rarely",984,"Research & Development",1,1,"Technical Degree",1,1131,4,"Female",70,2,1,"Research Scientist",2,"Single",2070,25326,1,"Yes",11,3,3,80,0,2,6,4,2,2,2,2,0.545711681802049
"818",36,"No","Non-Travel",217,"Research & Development",18,4,"Life Sciences",1,1133,1,"Male",78,3,2,"Manufacturing Director",4,"Single",7779,23238,2,"No",20,4,1,80,0,18,0,3,11,9,0,9,0.00791970419683333
"820",28,"No","Travel_Rarely",1451,"Research & Development",2,1,"Life Sciences",1,1136,1,"Male",67,2,1,"Research Scientist",2,"Married",3201,19911,0,"No",17,3,1,80,0,6,2,1,5,3,0,4,0.134755310333927
"828",28,"No","Travel_Frequently",773,"Research & Development",6,3,"Life Sciences",1,1154,3,"Male",39,2,1,"Research Scientist",3,"Divorced",2703,22088,1,"Yes",14,3,4,80,1,3,2,3,3,1,0,2,0.37272527900289
"829",18,"Yes","Non-Travel",247,"Research & Development",8,1,"Medical",1,1156,3,"Male",80,3,1,"Laboratory Technician",3,"Single",1904,13556,1,"No",12,3,4,80,0,0,0,3,0,0,0,0,0.0831771959421779
"832",31,"Yes","Travel_Frequently",874,"Research & Development",15,3,"Medical",1,1160,3,"Male",72,3,1,"Laboratory Technician",3,"Married",2610,6233,1,"No",12,3,3,80,1,2,5,2,2,2,2,2,0.0954488546827466
"835",34,"No","Travel_Rarely",1400,"Sales",9,1,"Life Sciences",1,1163,2,"Female",70,3,2,"Sales Executive",3,"Married",5714,5829,1,"No",20,4,1,80,0,6,3,2,6,5,1,3,0.0219590148382148
"837",29,"Yes","Travel_Rarely",408,"Sales",23,1,"Life Sciences",1,1165,4,"Female",45,2,3,"Sales Executive",1,"Married",7336,11162,1,"No",13,3,1,80,1,11,3,1,11,8,3,10,0.0499029722813512
"842",24,"No","Travel_Rarely",477,"Research & Development",24,3,"Medical",1,1173,4,"Male",49,3,1,"Laboratory Technician",2,"Single",3597,6409,8,"No",22,4,4,80,0,6,2,3,4,3,1,2,0.38378738869508
"843",28,"Yes","Travel_Rarely",1485,"Research & Development",12,1,"Life Sciences",1,1175,3,"Female",79,3,1,"Laboratory Technician",4,"Married",2515,22955,1,"Yes",11,3,4,80,0,1,4,2,1,1,0,0,0.156431098796136
"855",45,"No","Travel_Rarely",1457,"Research & Development",7,3,"Medical",1,1195,1,"Female",83,3,1,"Research Scientist",3,"Married",4477,20100,4,"Yes",19,3,3,80,1,7,2,2,3,2,0,2,0.313842053517126
"860",29,"No","Travel_Rarely",942,"Research & Development",15,1,"Life Sciences",1,1202,2,"Female",69,1,1,"Research Scientist",4,"Married",2168,26933,0,"Yes",18,3,1,80,1,6,2,2,5,4,1,3,0.43107889031434
"864",33,"No","Travel_Rarely",147,"Human Resources",2,3,"Human Resources",1,1207,2,"Male",99,3,1,"Human Resources",3,"Married",3600,8429,1,"No",13,3,4,80,1,5,2,3,5,4,1,4,0.0606293393922923
"865",41,"Yes","Non-Travel",906,"Research & Development",5,2,"Life Sciences",1,1210,1,"Male",95,2,1,"Research Scientist",1,"Divorced",2107,20293,6,"No",17,3,1,80,1,5,2,1,1,0,0,0,0.229682594057366
"871",35,"No","Travel_Rarely",1361,"Sales",17,4,"Life Sciences",1,1218,3,"Male",94,3,2,"Sales Executive",1,"Married",8966,21026,3,"Yes",15,3,4,80,3,15,2,3,7,7,1,7,0.146397345137978
"872",24,"Yes","Travel_Rarely",984,"Research & Development",17,2,"Life Sciences",1,1219,4,"Female",97,3,1,"Laboratory Technician",2,"Married",2210,3372,1,"No",13,3,1,80,1,1,3,1,1,0,0,0,0.10264068497676
"874",36,"No","Travel_Rarely",917,"Research & Development",6,4,"Life Sciences",1,1221,3,"Male",60,1,1,"Laboratory Technician",3,"Divorced",2741,6865,1,"No",14,3,3,80,1,7,4,3,7,7,1,7,0.0105073405071009
"875",30,"No","Travel_Rarely",853,"Research & Development",7,4,"Life Sciences",1,1224,3,"Male",49,3,2,"Laboratory Technician",3,"Divorced",3491,11309,1,"No",13,3,1,80,3,10,4,2,10,7,8,9,0.037766008777444
"881",32,"No","Travel_Frequently",116,"Research & Development",13,3,"Other",1,1234,3,"Female",77,2,1,"Laboratory Technician",2,"Married",2743,7331,1,"No",20,4,3,80,1,2,2,3,2,2,2,2,0.121780226761417
"882",32,"No","Travel_Frequently",1316,"Research & Development",2,2,"Life Sciences",1,1235,4,"Female",38,3,2,"Research Scientist",3,"Single",4998,2338,4,"Yes",14,3,4,80,0,10,2,3,8,7,0,7,0.0896824889826676
"886",25,"No","Travel_Rarely",1356,"Sales",10,4,"Life Sciences",1,1240,3,"Male",57,3,2,"Sales Executive",4,"Single",4950,20623,0,"No",14,3,2,80,0,5,4,3,4,3,1,1,0.0950414125921069
"889",35,"No","Non-Travel",1212,"Sales",8,2,"Marketing",1,1243,3,"Female",78,2,3,"Sales Executive",4,"Married",10377,13755,4,"Yes",11,3,2,80,1,16,6,2,13,2,4,12,0.0554003484465092
"892",44,"No","Travel_Rarely",1117,"Research & Development",2,1,"Life Sciences",1,1246,1,"Female",72,4,1,"Research Scientist",4,"Married",2011,19982,1,"No",13,3,4,80,1,10,5,3,10,5,7,7,0.00549468136616641
"894",29,"No","Travel_Rarely",1010,"Research & Development",1,3,"Life Sciences",1,1249,1,"Female",97,3,1,"Research Scientist",4,"Divorced",3760,5598,1,"No",15,3,1,80,3,3,5,3,3,2,1,2,0.00984846283430452
"897",31,"No","Travel_Rarely",1062,"Research & Development",24,3,"Medical",1,1252,3,"Female",96,2,2,"Healthcare Representative",1,"Single",6812,17198,1,"No",19,3,2,80,0,10,2,3,10,9,1,8,0.0190024290300508
"907",34,"No","Travel_Rarely",1320,"Research & Development",20,3,"Technical Degree",1,1265,3,"Female",89,4,1,"Research Scientist",3,"Married",2585,21643,0,"No",17,3,4,80,0,2,5,2,1,0,0,0,0.0367208252194257
"910",19,"No","Travel_Rarely",265,"Research & Development",25,3,"Life Sciences",1,1269,2,"Female",57,4,1,"Research Scientist",4,"Single",2994,21221,1,"Yes",12,3,4,80,0,1,2,3,1,0,0,1,0.513589288452657
"915",55,"No","Non-Travel",177,"Research & Development",8,1,"Medical",1,1278,4,"Male",37,2,4,"Healthcare Representative",2,"Divorced",13577,25592,1,"Yes",15,3,4,80,1,34,3,3,33,9,15,0,0.225144520030613
"918",34,"No","Travel_Rarely",131,"Sales",2,3,"Marketing",1,1281,3,"Female",86,3,2,"Sales Executive",1,"Single",4538,6039,0,"Yes",12,3,4,80,0,4,3,3,3,2,0,2,0.465353985766636
"919",51,"No","Travel_Frequently",237,"Sales",9,3,"Life Sciences",1,1282,4,"Male",83,3,5,"Manager",2,"Divorced",19847,19196,4,"Yes",24,4,1,80,1,31,5,2,29,10,11,10,0.130198110995898
"923",44,"No","Travel_Rarely",1199,"Research & Development",4,2,"Life Sciences",1,1288,3,"Male",92,4,5,"Manager",1,"Divorced",19190,17477,1,"No",14,3,4,80,2,26,4,2,25,9,14,13,0.0106943962185757
"924",34,"No","Travel_Frequently",648,"Human Resources",11,3,"Life Sciences",1,1289,3,"Male",56,2,2,"Human Resources",2,"Married",4490,21833,4,"No",11,3,4,80,2,14,5,4,10,9,1,8,0.0152258419394451
"926",42,"No","Travel_Rarely",603,"Research & Development",7,4,"Medical",1,1292,2,"Female",78,4,2,"Research Scientist",2,"Married",2372,5628,6,"Yes",16,3,4,80,0,18,2,3,1,0,0,0,0.152847346749834
"932",30,"No","Non-Travel",879,"Research & Development",9,2,"Medical",1,1298,3,"Female",72,3,2,"Manufacturing Director",3,"Single",4695,12858,7,"Yes",18,3,3,80,0,10,3,3,8,4,1,7,0.114450098236785
"936",32,"No","Travel_Rarely",604,"Sales",8,3,"Medical",1,1304,3,"Male",56,4,2,"Sales Executive",4,"Married",6209,11693,1,"No",15,3,3,80,2,10,4,4,10,7,0,8,0.00122522167794037
"937",45,"No","Travel_Frequently",364,"Research & Development",25,3,"Medical",1,1306,2,"Female",83,3,5,"Manager",2,"Single",18061,13035,3,"No",22,4,3,80,0,22,4,3,0,0,0,0,0.0391311352443739
"938",39,"No","Travel_Rarely",412,"Research & Development",13,4,"Medical",1,1307,3,"Female",94,2,4,"Manager",2,"Divorced",17123,17334,6,"Yes",13,3,4,80,2,21,4,3,19,9,15,2,0.807879190683486
"944",46,"No","Travel_Rarely",991,"Human Resources",1,2,"Life Sciences",1,1314,4,"Female",44,3,1,"Human Resources",1,"Single",3423,22957,6,"No",12,3,3,80,0,10,3,4,7,6,5,7,0.0866236823451602
"949",30,"No","Travel_Rarely",634,"Research & Development",17,4,"Medical",1,1321,2,"Female",95,3,3,"Manager",1,"Married",11916,25927,1,"Yes",23,4,4,80,2,9,2,3,9,1,0,8,0.0857129629278268
"951",31,"No","Non-Travel",587,"Sales",2,4,"Life Sciences",1,1324,4,"Female",57,3,3,"Sales Executive",3,"Divorced",9852,8935,1,"Yes",19,3,1,80,1,10,5,2,10,8,9,6,0.0762436643910547
"952",41,"No","Non-Travel",256,"Sales",10,2,"Medical",1,1329,3,"Male",40,1,2,"Sales Executive",2,"Single",6151,22074,1,"No",13,3,1,80,0,19,4,3,19,2,11,9,0.583358352742208
"954",44,"Yes","Travel_Rarely",935,"Research & Development",3,3,"Life Sciences",1,1333,1,"Male",89,3,1,"Laboratory Technician",1,"Married",2362,14669,4,"No",12,3,3,80,0,10,4,4,3,2,1,2,0.0562855316349528
"956",55,"No","Travel_Rarely",282,"Research & Development",2,2,"Medical",1,1336,4,"Female",58,1,5,"Manager",3,"Married",19187,6992,4,"No",14,3,4,80,1,23,5,3,19,9,9,11,0.00242096585312522
"958",40,"No","Non-Travel",458,"Research & Development",16,2,"Life Sciences",1,1340,3,"Male",74,3,1,"Research Scientist",3,"Divorced",3544,8532,9,"No",16,3,2,80,1,6,0,3,4,2,0,0,0.0420505303449143
"960",40,"No","Travel_Rarely",523,"Research & Development",2,3,"Life Sciences",1,1346,3,"Male",98,3,2,"Research Scientist",4,"Single",4661,22455,1,"No",13,3,3,80,0,9,4,3,9,8,8,8,0.0265487529815341
"964",38,"No","Travel_Rarely",1009,"Sales",2,2,"Life Sciences",1,1355,2,"Female",31,3,2,"Sales Executive",1,"Divorced",6893,19461,3,"No",15,3,4,80,1,11,3,3,7,7,1,7,0.00896624568353928
"969",36,"No","Travel_Frequently",607,"Sales",7,3,"Marketing",1,1362,1,"Female",83,4,2,"Sales Executive",1,"Married",4639,2261,2,"No",16,3,4,80,1,17,2,2,15,7,6,13,0.0917468923969398
"970",48,"No","Travel_Rarely",855,"Research & Development",4,3,"Life Sciences",1,1363,4,"Male",54,3,3,"Manufacturing Director",4,"Single",7898,18706,1,"No",11,3,3,80,0,11,2,3,10,9,0,8,0.00164439050197924
"973",18,"No","Non-Travel",1124,"Research & Development",1,3,"Life Sciences",1,1368,4,"Female",97,3,1,"Laboratory Technician",4,"Single",1611,19305,1,"No",15,3,3,80,0,0,5,4,0,0,0,0,0.00706399220953707
"975",27,"No","Travel_Frequently",793,"Sales",2,1,"Life Sciences",1,1371,4,"Male",43,1,2,"Sales Executive",4,"Single",5071,20392,3,"No",20,4,2,80,0,8,3,3,6,2,0,0,0.270433485482496
"977",56,"No","Travel_Rarely",1369,"Research & Development",23,3,"Life Sciences",1,1373,4,"Male",68,3,4,"Manufacturing Director",2,"Married",13402,18235,4,"Yes",12,3,1,80,1,33,0,3,19,16,15,9,0.351522349649028
"981",31,"Yes","Travel_Frequently",703,"Sales",2,3,"Life Sciences",1,1379,3,"Female",90,2,1,"Sales Representative",4,"Single",2785,11882,7,"No",14,3,3,80,0,3,3,4,1,0,0,0,0.461960990919212
"989",41,"No","Travel_Frequently",1200,"Research & Development",22,3,"Life Sciences",1,1392,4,"Female",75,3,2,"Research Scientist",4,"Divorced",5467,13953,3,"Yes",14,3,1,80,2,12,4,2,6,2,3,3,0.232052134359366
"991",33,"No","Travel_Frequently",1111,"Sales",5,1,"Life Sciences",1,1395,2,"Male",61,3,2,"Sales Executive",4,"Married",9998,19293,6,"No",13,3,1,80,0,8,2,4,5,4,1,2,0.109883724028836
"993",39,"No","Non-Travel",1485,"Research & Development",25,2,"Life Sciences",1,1397,3,"Male",71,3,3,"Healthcare Representative",3,"Married",10920,3449,3,"No",21,4,2,80,1,13,2,3,6,4,0,5,0.000383674937341344
"994",25,"No","Travel_Rarely",1372,"Sales",18,1,"Life Sciences",1,1399,1,"Male",93,4,2,"Sales Executive",3,"Married",6232,12477,2,"No",11,3,2,80,0,6,3,2,3,2,1,2,0.0980111005087947
"996",43,"No","Travel_Rarely",930,"Research & Development",6,3,"Medical",1,1402,1,"Female",73,2,2,"Research Scientist",3,"Single",4081,20003,1,"Yes",14,3,1,80,0,20,3,1,20,7,1,8,0.558414776067011
"1001",52,"No","Travel_Rarely",258,"Research & Development",8,4,"Other",1,1409,3,"Female",54,3,1,"Laboratory Technician",1,"Married",2950,17363,9,"No",13,3,3,80,0,12,2,1,5,4,0,4,0.115833862016799
"1005",26,"No","Travel_Rarely",652,"Research & Development",7,3,"Other",1,1417,3,"Male",100,4,1,"Laboratory Technician",1,"Single",3578,23577,0,"No",12,3,4,80,0,8,2,3,7,7,0,7,0.0288955688402492
"1006",29,"No","Travel_Rarely",332,"Human Resources",17,3,"Other",1,1419,2,"Male",51,2,3,"Human Resources",1,"Single",7988,9769,1,"No",13,3,1,80,0,10,3,2,10,9,0,9,0.175086744932867
"1011",55,"No","Travel_Rarely",1136,"Research & Development",1,4,"Medical",1,1424,2,"Male",81,4,4,"Research Director",4,"Divorced",14732,12414,2,"No",13,3,4,80,2,31,4,4,7,7,0,0,4.77018288733669e-05
"1012",36,"No","Travel_Rarely",1174,"Sales",3,4,"Marketing",1,1425,1,"Female",99,3,2,"Sales Executive",2,"Single",9278,20763,3,"Yes",16,3,4,80,0,15,3,3,5,4,0,1,0.653795022073634
"1016",34,"No","Travel_Frequently",560,"Research & Development",1,4,"Other",1,1431,4,"Male",91,3,1,"Research Scientist",1,"Divorced",2996,20284,5,"No",14,3,3,80,2,10,2,3,4,3,1,3,0.0599660573447992
"1022",25,"Yes","Travel_Rarely",383,"Sales",9,2,"Life Sciences",1,1439,1,"Male",68,2,1,"Sales Representative",1,"Married",4400,15182,3,"No",12,3,1,80,0,6,2,3,3,2,2,2,0.69480858966611
"1023",37,"No","Non-Travel",1413,"Research & Development",5,2,"Technical Degree",1,1440,3,"Male",84,4,1,"Laboratory Technician",3,"Single",3500,25470,0,"No",14,3,1,80,0,7,2,1,6,5,1,3,0.08539261109738
"1024",56,"No","Travel_Rarely",1255,"Research & Development",1,2,"Life Sciences",1,1441,1,"Female",90,3,1,"Research Scientist",1,"Married",2066,10494,2,"No",22,4,4,80,1,5,3,4,3,2,1,0,0.0108880269787316
"1028",34,"No","Travel_Rarely",401,"Research & Development",1,3,"Life Sciences",1,1447,4,"Female",86,2,1,"Laboratory Technician",2,"Married",3294,3708,5,"No",17,3,1,80,1,7,2,2,5,4,0,2,0.0618372899537763
"1038",45,"No","Travel_Rarely",1448,"Research & Development",29,3,"Technical Degree",1,1465,2,"Male",55,3,3,"Manufacturing Director",4,"Married",9380,14720,4,"Yes",18,3,4,80,2,10,4,4,3,1,1,2,0.226886480258165
"1043",44,"No","Non-Travel",981,"Research & Development",5,3,"Life Sciences",1,1471,3,"Male",90,2,1,"Laboratory Technician",3,"Single",3162,7973,3,"No",14,3,4,80,0,7,5,3,5,2,0,3,0.0139446580084043
"1046",40,"No","Travel_Rarely",896,"Research & Development",2,3,"Medical",1,1474,3,"Male",68,3,1,"Research Scientist",3,"Divorced",2345,8045,2,"No",14,3,3,80,1,8,3,4,3,1,1,2,0.00775390375082427
"1052",44,"No","Travel_Frequently",383,"Sales",1,5,"Marketing",1,1481,1,"Female",79,3,2,"Sales Executive",3,"Married",4768,9282,7,"No",12,3,3,80,1,11,4,2,1,0,0,0,0.220128426145026
"1054",57,"No","Travel_Rarely",405,"Research & Development",1,2,"Life Sciences",1,1483,2,"Male",93,4,2,"Research Scientist",3,"Married",4900,2721,0,"No",24,4,1,80,1,13,2,2,12,9,2,8,0.00140589524701118
"1060",35,"No","Travel_Rarely",660,"Sales",7,1,"Life Sciences",1,1492,4,"Male",76,3,1,"Sales Representative",3,"Married",2404,16192,1,"No",13,3,1,80,1,1,3,3,1,0,0,0,0.0666193947233694
"1068",47,"No","Travel_Rarely",571,"Sales",14,3,"Medical",1,1503,3,"Female",78,3,2,"Sales Executive",3,"Married",4591,24200,3,"Yes",17,3,3,80,1,11,4,2,5,4,1,2,0.184522921628564
"1069",28,"Yes","Travel_Frequently",289,"Research & Development",2,2,"Medical",1,1504,3,"Male",38,2,1,"Laboratory Technician",1,"Single",2561,5355,7,"No",11,3,3,80,0,8,2,2,0,0,0,0,0.781560897850536
"1071",28,"No","Travel_Frequently",467,"Sales",7,3,"Life Sciences",1,1507,3,"Male",55,3,2,"Sales Executive",1,"Single",4898,11827,0,"No",14,3,4,80,0,5,5,3,4,2,1,3,0.175961157230196
"1072",49,"No","Travel_Rarely",271,"Research & Development",3,2,"Medical",1,1509,3,"Female",43,2,2,"Laboratory Technician",1,"Married",4789,23070,4,"No",25,4,1,80,1,10,3,3,3,2,1,2,0.0514254878448599
"1074",28,"No","Travel_Rarely",1083,"Research & Development",29,1,"Life Sciences",1,1514,3,"Male",96,1,2,"Manufacturing Director",2,"Married",6549,3173,1,"No",14,3,2,80,2,8,2,2,8,6,1,7,0.0476357277566731
"1077",54,"No","Travel_Frequently",1050,"Research & Development",11,4,"Medical",1,1520,2,"Female",87,3,4,"Manager",4,"Divorced",16032,24456,3,"No",20,4,1,80,1,26,2,3,14,9,1,12,0.000717437853575125
"1079",44,"No","Travel_Rarely",136,"Research & Development",28,3,"Life Sciences",1,1523,4,"Male",32,3,4,"Research Director",1,"Married",16328,22074,3,"No",13,3,3,80,1,24,1,4,20,6,14,17,0.0160795008550604
"1099",40,"No","Non-Travel",1142,"Research & Development",8,2,"Life Sciences",1,1552,4,"Male",72,3,2,"Healthcare Representative",4,"Divorced",4069,8841,3,"Yes",18,3,3,80,0,8,2,3,2,2,2,2,0.00430857228903184
"1102",32,"No","Travel_Rarely",824,"Research & Development",5,2,"Life Sciences",1,1555,4,"Female",67,2,2,"Research Scientist",2,"Married",5878,15624,3,"No",12,3,1,80,1,12,2,3,7,1,2,5,0.0293149967670574
"1103",36,"No","Travel_Rarely",1157,"Sales",2,4,"Life Sciences",1,1556,3,"Male",70,3,1,"Sales Representative",4,"Single",2644,17001,3,"Yes",21,4,4,80,0,7,3,2,3,2,1,2,0.573705048393601
"1109",35,"No","Travel_Rarely",992,"Research & Development",1,3,"Medical",1,1564,4,"Male",68,2,1,"Laboratory Technician",1,"Single",2450,21731,1,"No",19,3,2,80,0,3,3,3,3,0,1,2,0.295681082319621
"1112",53,"Yes","Travel_Rarely",607,"Research & Development",2,5,"Technical Degree",1,1572,3,"Female",78,2,3,"Manufacturing Director",4,"Married",10169,14618,0,"No",16,3,2,80,1,34,4,3,33,7,1,9,0.00495533630194125
"1116",34,"No","Travel_Rarely",479,"Research & Development",7,4,"Medical",1,1577,1,"Male",35,3,1,"Research Scientist",4,"Single",2972,22061,1,"No",13,3,3,80,0,1,4,1,1,0,0,0,0.261905313079683
"1120",38,"No","Travel_Rarely",1245,"Sales",14,3,"Life Sciences",1,1582,3,"Male",80,3,2,"Sales Executive",2,"Married",9924,12355,0,"No",11,3,4,80,1,10,3,3,9,8,7,7,0.0263745410845019
"1121",38,"No","Travel_Rarely",437,"Sales",16,3,"Life Sciences",1,1583,2,"Female",90,3,2,"Sales Executive",2,"Single",4198,16379,2,"No",12,3,2,80,0,8,5,4,3,2,1,2,0.0922877299722976
"1122",36,"No","Travel_Rarely",884,"Sales",1,4,"Life Sciences",1,1585,2,"Female",73,3,2,"Sales Executive",3,"Single",6815,21447,6,"No",13,3,1,80,0,15,5,3,1,0,0,0,0.147744795980157
"1123",29,"No","Travel_Rarely",1370,"Research & Development",3,1,"Medical",1,1586,2,"Male",87,3,1,"Laboratory Technician",1,"Single",4723,16213,1,"Yes",18,3,4,80,0,10,3,3,10,9,1,5,0.405113066646893
"1127",50,"No","Travel_Rarely",264,"Sales",9,3,"Marketing",1,1591,3,"Male",59,3,5,"Manager",3,"Married",19331,19519,4,"Yes",16,3,3,80,1,27,2,3,1,0,0,0,0.0219358847447506
"1131",35,"No","Travel_Rarely",750,"Research & Development",28,3,"Life Sciences",1,1596,2,"Male",46,4,2,"Laboratory Technician",3,"Married",3407,25348,1,"No",17,3,4,80,2,10,3,2,10,9,6,8,0.0321651258296592
"1135",35,"No","Travel_Rarely",1349,"Research & Development",7,2,"Life Sciences",1,1601,3,"Male",63,2,1,"Laboratory Technician",4,"Married",2690,7713,1,"No",18,3,4,80,1,1,5,2,1,0,0,1,0.0199394494977315
"1136",46,"No","Travel_Rarely",563,"Sales",1,4,"Life Sciences",1,1602,4,"Male",56,4,4,"Manager",1,"Single",17567,3156,1,"No",15,3,2,80,0,27,5,1,26,0,0,12,0.00367811780785899
"1142",30,"No","Travel_Rarely",241,"Research & Development",7,3,"Medical",1,1609,2,"Male",48,2,1,"Research Scientist",2,"Married",2141,5348,1,"No",12,3,2,80,1,6,3,2,6,4,1,1,0.112451893412226
"1144",45,"No","Non-Travel",336,"Sales",26,3,"Marketing",1,1612,1,"Male",52,2,2,"Sales Executive",1,"Married",4385,24162,1,"No",15,3,1,80,1,10,2,3,10,7,4,5,0.215560870485547
"1145",31,"No","Travel_Frequently",715,"Sales",2,4,"Other",1,1613,4,"Male",54,3,2,"Sales Executive",1,"Single",5332,21602,7,"No",13,3,4,80,0,10,3,3,5,2,0,3,0.347027376209737
"1147",34,"No","Travel_Frequently",426,"Research & Development",10,4,"Life Sciences",1,1615,3,"Male",42,4,2,"Manufacturing Director",4,"Divorced",4724,17000,1,"No",13,3,1,80,1,9,3,3,9,7,7,2,0.0531016944250092
"1150",27,"No","Travel_Rarely",1302,"Research & Development",19,3,"Other",1,1619,4,"Male",67,2,1,"Laboratory Technician",1,"Divorced",4066,16290,1,"No",11,3,1,80,2,7,3,3,7,7,0,7,0.0265383945033269
"1152",28,"No","Travel_Rarely",580,"Research & Development",27,3,"Medical",1,1622,2,"Female",39,1,2,"Manufacturing Director",1,"Divorced",4877,20460,0,"No",21,4,2,80,1,6,5,2,5,3,0,0,0.133786106977563
"1157",40,"No","Travel_Rarely",884,"Research & Development",15,3,"Life Sciences",1,1628,1,"Female",80,2,3,"Manufacturing Director",3,"Married",10435,25800,1,"No",13,3,4,80,2,18,2,3,18,15,14,12,0.0394732887943281
"1158",35,"No","Non-Travel",208,"Research & Development",8,4,"Life Sciences",1,1630,3,"Female",52,3,2,"Healthcare Representative",3,"Married",4148,12250,1,"No",12,3,4,80,1,15,5,3,14,11,2,9,5.29874779535856e-05
"1160",39,"No","Travel_Frequently",711,"Research & Development",4,3,"Medical",1,1633,1,"Female",81,3,2,"Manufacturing Director",3,"Single",5042,3140,0,"No",13,3,4,80,0,10,2,1,9,2,3,8,0.122557478356214
"1161",45,"No","Travel_Rarely",1329,"Research & Development",2,2,"Other",1,1635,4,"Female",59,2,2,"Manufacturing Director",4,"Divorced",5770,5388,1,"No",19,3,1,80,2,10,3,3,10,7,3,9,0.00126455277813613
"1165",40,"No","Travel_Rarely",448,"Research & Development",16,3,"Life Sciences",1,1641,3,"Female",84,3,3,"Manufacturing Director",4,"Single",7945,19948,6,"Yes",15,3,4,80,0,18,2,2,4,2,3,3,0.384341068026149
"1168",35,"Yes","Travel_Rarely",763,"Sales",15,2,"Medical",1,1645,1,"Male",59,1,2,"Sales Executive",4,"Divorced",5440,22098,6,"Yes",14,3,4,80,2,7,2,2,2,2,2,2,0.812242913092523
"1171",27,"No","Travel_Frequently",591,"Research & Development",2,3,"Medical",1,1648,4,"Male",87,3,1,"Research Scientist",4,"Single",2580,6297,2,"No",13,3,3,80,0,6,0,2,4,2,1,2,0.158258973158417
"1179",20,"No","Travel_Rarely",1141,"Sales",2,3,"Medical",1,1657,3,"Female",31,3,1,"Sales Representative",3,"Single",2783,13251,1,"No",19,3,1,80,0,2,3,3,2,2,2,2,0.328032387256649
"1187",35,"Yes","Travel_Frequently",880,"Sales",12,4,"Other",1,1667,4,"Male",36,3,2,"Sales Executive",4,"Single",4581,10414,3,"Yes",24,4,1,80,0,13,2,4,11,9,6,7,0.543077866597749
"1188",38,"No","Travel_Frequently",1189,"Research & Development",1,3,"Life Sciences",1,1668,4,"Male",90,3,2,"Research Scientist",4,"Married",4735,9867,7,"No",15,3,4,80,2,19,4,4,13,11,2,9,0.00113969024533703
"1190",33,"No","Travel_Rarely",392,"Sales",2,4,"Medical",1,1670,4,"Male",93,3,2,"Sales Executive",4,"Divorced",5505,3921,1,"No",14,3,3,80,2,6,5,3,6,2,0,4,0.00334757257310731
"1191",32,"No","Travel_Rarely",977,"Research & Development",2,3,"Medical",1,1671,4,"Male",45,3,2,"Research Scientist",2,"Divorced",5470,25518,0,"No",13,3,3,80,2,10,4,2,9,5,1,6,0.00491254514665336
"1192",31,"No","Travel_Rarely",1112,"Sales",5,4,"Life Sciences",1,1673,1,"Female",67,3,2,"Sales Executive",4,"Married",5476,22589,1,"No",11,3,1,80,2,10,2,3,10,0,0,2,0.062836855195038
"1193",49,"No","Travel_Rarely",464,"Research & Development",16,3,"Medical",1,1674,4,"Female",74,3,1,"Laboratory Technician",1,"Divorced",2587,24941,4,"Yes",16,3,2,80,1,17,2,2,2,2,2,2,0.395973502545023
"1196",49,"No","Travel_Rarely",809,"Research & Development",1,3,"Life Sciences",1,1677,3,"Male",36,3,4,"Manager",3,"Single",15379,22384,4,"No",14,3,1,80,0,23,2,3,8,7,0,0,0.0133948449368131
"1197",41,"No","Travel_Rarely",1206,"Sales",23,2,"Life Sciences",1,1678,4,"Male",80,3,3,"Sales Executive",3,"Single",7082,11591,3,"Yes",16,3,4,80,0,21,2,3,2,0,0,2,0.272141551576542
"1199",33,"No","Non-Travel",530,"Sales",16,3,"Life Sciences",1,1681,3,"Female",36,3,2,"Sales Executive",4,"Divorced",5368,16130,1,"Yes",25,4,3,80,1,7,2,3,6,5,1,2,0.0263519020981442
"1202",23,"Yes","Travel_Rarely",1320,"Research & Development",8,1,"Medical",1,1684,4,"Male",93,2,1,"Laboratory Technician",3,"Single",3989,20586,1,"Yes",11,3,1,80,0,5,2,3,5,4,1,2,0.680429126997254
"1203",38,"No","Travel_Rarely",1495,"Research & Development",4,2,"Medical",1,1687,4,"Female",87,3,1,"Laboratory Technician",3,"Married",3306,26176,7,"No",19,3,4,80,1,7,5,2,0,0,0,0,0.0260507600596606
"1206",32,"Yes","Travel_Rarely",1259,"Research & Development",2,4,"Life Sciences",1,1692,4,"Male",95,3,1,"Laboratory Technician",2,"Single",1393,24852,1,"No",12,3,1,80,0,1,2,3,1,0,0,0,0.195251846901419
"1208",55,"No","Travel_Rarely",1441,"Research & Development",22,3,"Technical Degree",1,1694,1,"Male",94,2,1,"Research Scientist",2,"Divorced",3537,23737,5,"No",12,3,4,80,1,8,1,3,4,2,1,2,0.324643045480197
"1209",34,"No","Travel_Rarely",1157,"Research & Development",5,2,"Medical",1,1696,2,"Male",57,2,2,"Laboratory Technician",4,"Married",3986,11912,1,"No",14,3,3,80,1,15,3,4,15,10,4,13,0.00335025317963713
"1212",37,"No","Travel_Frequently",1278,"Sales",1,4,"Medical",1,1700,3,"Male",31,1,2,"Sales Executive",4,"Divorced",9525,7677,1,"No",14,3,3,80,2,6,2,2,6,3,1,3,0.0855601419305105
"1214",23,"Yes","Travel_Rarely",427,"Sales",7,3,"Life Sciences",1,1702,3,"Male",99,3,1,"Sales Representative",4,"Divorced",2275,25103,1,"Yes",21,4,2,80,1,3,2,3,3,2,0,2,0.308474066440648
"1216",35,"No","Travel_Frequently",146,"Research & Development",2,4,"Medical",1,1704,1,"Male",79,2,1,"Research Scientist",4,"Single",4930,13970,0,"Yes",14,3,3,80,0,6,2,4,5,4,1,4,0.552605755006553
"1222",45,"No","Non-Travel",1238,"Research & Development",1,1,"Life Sciences",1,1712,3,"Male",74,2,3,"Healthcare Representative",3,"Married",10748,3395,3,"No",23,4,4,80,1,25,3,2,23,15,14,4,0.00350948901225226
"1226",45,"No","Travel_Rarely",1005,"Research & Development",28,2,"Technical Degree",1,1719,4,"Female",48,2,4,"Research Director",2,"Single",16704,17119,1,"No",11,3,3,80,0,21,2,3,21,6,8,6,0.129937166186211
"1230",40,"No","Travel_Rarely",369,"Research & Development",8,2,"Life Sciences",1,1724,2,"Female",92,3,2,"Manufacturing Director",1,"Married",6516,5041,2,"Yes",16,3,2,80,1,18,3,3,1,0,0,0,0.140470662495238
"1245",30,"No","Travel_Frequently",1312,"Research & Development",2,4,"Technical Degree",1,1745,4,"Female",78,2,1,"Research Scientist",1,"Single",4968,26427,0,"No",16,3,4,80,0,10,2,3,9,7,0,7,0.11183066772334
"1247",30,"Yes","Travel_Frequently",600,"Human Resources",8,3,"Human Resources",1,1747,3,"Female",66,2,1,"Human Resources",4,"Divorced",2180,9732,6,"No",11,3,3,80,1,6,0,2,4,2,1,2,0.46014604399572
"1251",29,"No","Travel_Frequently",461,"Research & Development",1,3,"Life Sciences",1,1753,4,"Male",70,4,2,"Healthcare Representative",3,"Single",6294,23060,8,"Yes",12,3,4,80,0,10,5,4,3,2,0,2,0.0710949556725509
"1257",38,"No","Travel_Frequently",594,"Research & Development",2,2,"Medical",1,1760,3,"Female",75,2,1,"Laboratory Technician",2,"Married",2468,15963,4,"No",14,3,2,80,1,9,4,2,6,1,0,5,0.0874765572959589
"1259",29,"No","Travel_Rarely",590,"Research & Development",4,3,"Technical Degree",1,1762,4,"Female",91,2,1,"Research Scientist",1,"Divorced",2109,10007,1,"No",13,3,3,80,1,1,2,3,1,0,0,0,0.0957618806711146
"1261",32,"No","Non-Travel",953,"Research & Development",5,4,"Technical Degree",1,1764,2,"Male",65,3,1,"Research Scientist",2,"Single",2718,17674,2,"No",14,3,2,80,0,12,3,3,7,7,0,7,0.0288050562685918
"1269",53,"No","Non-Travel",661,"Research & Development",1,4,"Medical",1,1775,1,"Female",60,2,4,"Manufacturing Director",3,"Married",12965,22308,4,"Yes",20,4,4,80,3,27,2,2,3,2,0,2,0.0127452600969292
"1272",21,"Yes","Travel_Rarely",337,"Sales",7,1,"Marketing",1,1780,2,"Male",31,3,1,"Sales Representative",2,"Single",2679,4567,1,"No",13,3,2,80,0,1,3,3,1,0,1,0,0.677990725543355
"1274",22,"Yes","Travel_Rarely",1294,"Research & Development",8,1,"Medical",1,1783,3,"Female",79,3,1,"Laboratory Technician",1,"Married",2398,15999,1,"Yes",17,3,3,80,0,1,6,3,1,0,0,0,0.297482104361738
"1276",51,"No","Travel_Rarely",942,"Research & Development",3,3,"Technical Degree",1,1786,1,"Female",53,3,3,"Manager",3,"Married",13116,22984,2,"No",11,3,4,80,0,15,2,3,2,2,2,2,0.0159256643357808
"1277",37,"No","Travel_Rarely",589,"Sales",9,2,"Marketing",1,1787,2,"Male",46,2,2,"Sales Executive",2,"Married",4189,8800,1,"No",14,3,1,80,2,5,2,3,5,2,0,3,0.127778644938719
"1278",46,"No","Travel_Rarely",734,"Research & Development",2,4,"Medical",1,1789,3,"Male",46,3,5,"Research Director",4,"Divorced",19328,14218,7,"Yes",17,3,3,80,1,24,3,3,2,1,2,2,0.00997125979341634
"1283",33,"No","Travel_Rarely",867,"Research & Development",8,4,"Life Sciences",1,1798,4,"Male",90,4,1,"Research Scientist",1,"Married",3143,6076,6,"No",19,3,2,80,1,14,1,3,10,8,7,6,0.0709904770315159
"1285",39,"No","Travel_Rarely",1253,"Research & Development",10,1,"Medical",1,1800,3,"Male",65,3,3,"Research Director",3,"Single",13464,7914,7,"No",21,4,3,80,0,9,3,3,4,3,2,2,0.0136829758411659
"1289",35,"No","Non-Travel",1180,"Research & Development",2,2,"Medical",1,1804,2,"Male",90,3,2,"Manufacturing Director",4,"Divorced",5762,24442,2,"No",14,3,3,80,1,15,6,3,7,7,1,7,0.000315119991571885
"1291",34,"Yes","Travel_Frequently",234,"Research & Development",9,4,"Life Sciences",1,1807,4,"Male",93,3,2,"Laboratory Technician",1,"Married",5346,6208,4,"No",17,3,3,80,1,11,3,2,7,1,0,7,0.0589682827954729
"1299",46,"Yes","Travel_Rarely",261,"Research & Development",21,2,"Medical",1,1821,4,"Female",66,3,2,"Healthcare Representative",2,"Married",8926,10842,4,"No",22,4,4,80,1,13,2,4,9,7,3,7,0.000749954344538182
"1301",34,"No","Travel_Rarely",810,"Sales",8,2,"Technical Degree",1,1823,2,"Male",92,4,2,"Sales Executive",3,"Married",6799,22128,1,"No",21,4,3,80,2,10,5,3,10,8,4,8,0.013266516477027
"1303",35,"No","Travel_Rarely",185,"Research & Development",23,4,"Medical",1,1826,2,"Male",91,1,1,"Laboratory Technician",3,"Married",2705,9696,0,"No",16,3,2,80,1,6,2,4,5,4,0,3,0.0809924126588674
"1308",28,"No","Travel_Rarely",1217,"Research & Development",1,3,"Medical",1,1834,3,"Female",67,3,1,"Research Scientist",1,"Married",3591,12719,1,"No",25,4,3,80,1,3,3,3,3,2,1,2,0.018146020032029
"1314",29,"Yes","Travel_Rarely",350,"Human Resources",13,3,"Human Resources",1,1844,1,"Male",56,2,1,"Human Resources",1,"Divorced",2335,3157,4,"Yes",15,3,4,80,3,4,3,3,2,2,2,0,0.931658987546241
"1317",43,"No","Travel_Frequently",1422,"Sales",2,4,"Life Sciences",1,1849,1,"Male",92,3,2,"Sales Executive",4,"Married",5675,19246,1,"No",20,4,3,80,1,7,5,3,7,7,7,7,0.0284493826039297
"1323",46,"No","Travel_Rarely",706,"Research & Development",2,2,"Life Sciences",1,1857,4,"Male",82,3,3,"Manufacturing Director",4,"Divorced",8578,19989,3,"No",14,3,3,80,1,12,4,2,9,8,4,7,0.0016060144308973
"1325",29,"No","Travel_Rarely",726,"Research & Development",29,1,"Life Sciences",1,1859,4,"Male",93,1,2,"Healthcare Representative",3,"Divorced",6384,21143,8,"No",17,3,4,80,2,11,3,3,7,0,1,6,0.0191189032582463
"1332",48,"No","Travel_Rarely",1224,"Research & Development",10,3,"Life Sciences",1,1867,4,"Male",91,2,5,"Research Director",2,"Married",19665,13583,4,"No",12,3,4,80,0,29,3,3,22,10,12,9,0.00599102585928631
"1333",29,"Yes","Travel_Frequently",459,"Research & Development",24,2,"Life Sciences",1,1868,4,"Male",73,2,1,"Research Scientist",4,"Single",2439,14753,1,"Yes",24,4,2,80,0,1,3,2,1,0,1,0,0.819917939648225
"1338",28,"No","Travel_Rarely",1172,"Sales",3,3,"Medical",1,1875,2,"Female",78,3,1,"Sales Representative",2,"Married",2856,3692,1,"No",19,3,4,80,1,1,3,3,1,0,0,0,0.0874273067054155
"1339",30,"Yes","Travel_Rarely",945,"Sales",9,3,"Medical",1,1876,2,"Male",89,3,1,"Sales Representative",4,"Single",1081,16019,1,"No",13,3,3,80,0,1,3,2,1,0,0,0,0.380197398725078
"1340",22,"Yes","Travel_Rarely",391,"Research & Development",7,1,"Life Sciences",1,1878,4,"Male",75,3,1,"Research Scientist",2,"Single",2472,26092,1,"Yes",23,4,1,80,0,1,2,3,1,0,0,0,0.612028189289784
"1344",29,"No","Travel_Rarely",592,"Research & Development",7,3,"Life Sciences",1,1883,4,"Male",59,3,1,"Laboratory Technician",1,"Single",2062,19384,3,"No",14,3,2,80,0,11,2,3,3,2,1,2,0.212184865470572
"1348",36,"No","Travel_Frequently",1213,"Human Resources",2,1,"Human Resources",1,1890,2,"Male",94,2,2,"Human Resources",4,"Single",3886,4223,1,"No",21,4,4,80,0,10,2,2,10,1,0,8,0.177078304880789
"1350",26,"No","Travel_Rarely",482,"Research & Development",1,2,"Life Sciences",1,1893,2,"Female",90,2,1,"Research Scientist",3,"Married",2933,14908,1,"Yes",13,3,3,80,1,1,3,2,1,0,1,0,0.366303884086239
"1352",48,"No","Travel_Frequently",117,"Research & Development",22,3,"Medical",1,1900,4,"Female",58,3,4,"Manager",4,"Divorced",17174,2437,3,"No",11,3,2,80,1,24,3,3,22,17,4,7,0.00126156370340498
"1358",42,"No","Travel_Rarely",1396,"Research & Development",6,3,"Medical",1,1911,3,"Male",83,3,3,"Research Director",1,"Married",13348,14842,9,"No",13,3,2,80,1,18,3,4,13,7,5,7,0.00940827193280275
"1359",31,"No","Travel_Rarely",1079,"Sales",10,2,"Medical",1,1912,3,"Female",86,3,2,"Sales Executive",4,"Divorced",6583,20115,2,"Yes",11,3,4,80,1,8,2,3,5,2,1,4,0.0860142774959598
"1360",34,"No","Travel_Rarely",735,"Sales",3,1,"Medical",1,1915,4,"Female",75,2,2,"Sales Executive",4,"Married",8103,16495,3,"Yes",12,3,3,80,0,9,3,2,4,2,0,1,0.152590431687096
"1362",26,"No","Travel_Frequently",1096,"Research & Development",6,3,"Other",1,1918,3,"Male",61,4,1,"Laboratory Technician",4,"Married",2544,7102,0,"No",18,3,1,80,1,8,3,3,7,7,7,7,0.035670037271618
"1366",29,"Yes","Travel_Frequently",746,"Sales",24,3,"Technical Degree",1,1928,3,"Male",45,4,1,"Sales Representative",1,"Single",1091,10642,1,"No",17,3,4,80,0,1,3,3,1,0,0,0,0.824710124069855
"1368",27,"No","Travel_Rarely",1354,"Research & Development",2,4,"Technical Degree",1,1931,2,"Male",41,3,1,"Research Scientist",2,"Married",2226,6073,1,"No",11,3,3,80,1,6,3,2,5,3,1,2,0.111718451781666
"1369",34,"No","Travel_Frequently",735,"Research & Development",22,4,"Other",1,1932,3,"Male",86,2,2,"Research Scientist",4,"Married",5747,26496,1,"Yes",15,3,2,80,0,16,3,3,15,10,6,11,0.274735278047915
"1375",58,"No","Travel_Rarely",605,"Sales",21,3,"Life Sciences",1,1938,4,"Female",72,3,4,"Manager",4,"Married",17875,11761,4,"Yes",13,3,3,80,1,29,2,2,1,0,0,0,0.00652445978553982
"1379",42,"No","Travel_Rarely",419,"Sales",12,4,"Marketing",1,1943,2,"Male",77,3,2,"Sales Executive",4,"Divorced",5087,2900,3,"Yes",12,3,3,80,2,14,4,3,0,0,0,0,0.170750298097694
"1387",26,"No","Travel_Rarely",157,"Research & Development",1,3,"Medical",1,1952,3,"Male",95,3,1,"Laboratory Technician",1,"Single",2867,20006,0,"No",13,3,4,80,0,8,6,2,7,7,7,6,0.162085358664701
"1389",32,"No","Non-Travel",1146,"Research & Development",15,4,"Medical",1,1955,3,"Female",34,3,2,"Healthcare Representative",4,"Divorced",6667,16542,5,"No",18,3,2,80,1,9,6,3,5,1,1,2,0.00100019676265833
"1398",54,"No","Travel_Rarely",155,"Research & Development",9,2,"Life Sciences",1,1969,1,"Female",67,3,2,"Research Scientist",3,"Married",2897,22474,3,"No",11,3,3,80,2,9,6,2,4,3,2,3,0.00969714598475803
"1399",33,"No","Travel_Frequently",1303,"Research & Development",7,2,"Life Sciences",1,1970,4,"Male",36,3,2,"Healthcare Representative",3,"Divorced",5968,18079,1,"No",20,4,3,80,3,9,2,3,9,7,2,8,0.00066271121136421
"1400",43,"No","Travel_Rarely",574,"Research & Development",11,3,"Life Sciences",1,1971,1,"Male",30,3,3,"Healthcare Representative",3,"Married",7510,16873,1,"No",17,3,2,80,1,10,1,3,10,9,0,9,0.00098568030324403
"1404",39,"No","Travel_Rarely",119,"Sales",15,4,"Marketing",1,1975,2,"Male",77,3,4,"Sales Executive",1,"Single",13341,25098,0,"No",12,3,1,80,0,21,3,3,20,8,11,10,0.644111857859219
"1407",54,"No","Travel_Rarely",157,"Research & Development",10,3,"Medical",1,1980,3,"Female",77,3,2,"Manufacturing Director",1,"Single",4440,25198,6,"Yes",19,3,4,80,0,9,3,3,5,2,1,4,0.434108501256584
"1410",40,"No","Travel_Frequently",692,"Research & Development",11,3,"Technical Degree",1,1985,4,"Female",73,3,2,"Laboratory Technician",3,"Married",6323,26849,1,"No",11,3,1,80,1,10,2,4,10,9,9,4,0.187716869461839
"1412",25,"No","Travel_Rarely",309,"Human Resources",2,3,"Human Resources",1,1987,3,"Female",82,3,1,"Human Resources",2,"Married",2187,19655,4,"No",14,3,3,80,0,6,3,3,2,0,1,2,0.183108038469601
"1415",47,"No","Travel_Rarely",1180,"Research & Development",25,3,"Medical",1,1993,1,"Male",84,3,3,"Healthcare Representative",3,"Single",8633,13084,2,"No",23,4,2,80,0,25,3,3,17,14,12,11,0.0239571265060606
"1416",33,"No","Non-Travel",1313,"Research & Development",1,2,"Medical",1,1994,2,"Male",59,2,1,"Laboratory Technician",3,"Divorced",2008,20439,1,"No",12,3,3,80,3,1,2,2,1,1,0,0,0.0208597067915937
"1417",38,"No","Travel_Rarely",1321,"Sales",1,4,"Life Sciences",1,1995,4,"Male",86,3,2,"Sales Executive",2,"Married",4440,7636,0,"No",15,3,1,80,2,16,3,3,15,13,5,8,0.00536553961711987
"1420",42,"No","Travel_Rarely",557,"Research & Development",18,4,"Life Sciences",1,1998,4,"Male",35,3,2,"Research Scientist",1,"Divorced",5410,11189,6,"Yes",17,3,3,80,1,9,3,2,4,3,1,2,0.352623906054205
"1422",47,"No","Non-Travel",1162,"Research & Development",1,1,"Medical",1,2000,3,"Female",98,3,3,"Research Director",2,"Married",11957,17231,0,"No",18,3,1,80,2,14,3,1,13,8,5,12,0.000240527841086469
"1428",40,"No","Travel_Rarely",543,"Research & Development",1,4,"Life Sciences",1,2012,1,"Male",83,3,1,"Laboratory Technician",4,"Married",2406,4060,8,"No",19,3,3,80,2,8,3,2,1,0,0,0,0.0968205500448893
"1434",25,"No","Travel_Rarely",1382,"Sales",8,2,"Other",1,2018,1,"Female",85,3,2,"Sales Executive",3,"Divorced",4907,13684,0,"Yes",22,4,2,80,1,6,3,2,5,3,0,4,0.163872198521844
"1435",52,"No","Non-Travel",585,"Sales",29,4,"Life Sciences",1,2019,1,"Male",40,3,1,"Sales Representative",4,"Divorced",3482,19788,2,"No",15,3,2,80,2,16,3,2,9,8,0,0,0.02874901053726
"1437",21,"No","Travel_Rarely",501,"Sales",5,1,"Medical",1,2021,3,"Male",58,3,1,"Sales Representative",1,"Single",2380,25479,1,"Yes",11,3,4,80,0,2,6,3,2,2,1,2,0.76309505812799
"1444",42,"No","Travel_Rarely",300,"Research & Development",2,3,"Life Sciences",1,2031,1,"Male",56,3,5,"Manager",3,"Married",18880,17312,5,"No",11,3,1,80,0,24,2,2,22,6,4,14,0.0121705114283952
"1446",41,"No","Travel_Rarely",582,"Research & Development",28,4,"Life Sciences",1,2034,1,"Female",60,2,4,"Manufacturing Director",2,"Married",13570,5640,0,"No",23,4,3,80,1,21,3,3,20,7,0,10,0.00491908300503207
"1447",34,"No","Travel_Rarely",704,"Sales",28,3,"Marketing",1,2035,4,"Female",95,2,2,"Sales Executive",3,"Married",6712,8978,1,"No",21,4,4,80,2,8,2,3,8,7,1,7,0.00893215721087367
"1455",45,"No","Travel_Rarely",374,"Sales",20,3,"Life Sciences",1,2046,4,"Female",50,3,2,"Sales Executive",3,"Single",4850,23333,8,"No",15,3,3,80,0,8,3,3,5,3,0,1,0.143113279628699
"1461",29,"No","Travel_Rarely",468,"Research & Development",28,4,"Medical",1,2054,4,"Female",73,2,1,"Research Scientist",1,"Single",3785,8489,1,"No",14,3,2,80,0,5,3,1,5,4,0,4,0.261292117336803
"1462",50,"Yes","Travel_Rarely",410,"Sales",28,3,"Marketing",1,2055,4,"Male",39,2,3,"Sales Executive",1,"Divorced",10854,16586,4,"Yes",13,3,2,80,1,20,3,3,3,2,2,0,0.641609256471816
"1463",39,"No","Travel_Rarely",722,"Sales",24,1,"Marketing",1,2056,2,"Female",60,2,4,"Sales Executive",4,"Married",12031,8828,0,"No",11,3,1,80,1,21,2,2,20,9,9,6,0.183203758658795
"1464",31,"No","Non-Travel",325,"Research & Development",5,3,"Medical",1,2057,2,"Male",74,3,2,"Manufacturing Director",1,"Single",9936,3787,0,"No",19,3,2,80,0,10,2,3,9,4,1,7,0.021454752695623
